{
  "version": 2,
  "method": "hgb_baseline",
  "test_accuracy": 0.909375,
  "test_balanced_accuracy": 0.9093749999999999,
  "test_auc": 0.9715822916666667,
  "per_class_test": {
    "glioma": 0.7075,
    "meningioma": 0.945,
    "pituitary": 0.985,
    "notumor": 1.0
  },
  "all_methods": {
    "hgb_baseline": {
      "acc": 0.909375,
      "bal_acc": 0.9093749999999999,
      "auc": 0.9715822916666667
    },
    "hgb_sample_weight": {
      "acc": 0.909375,
      "bal_acc": 0.9093749999999999,
      "auc": 0.9715822916666667
    }
  },
  "all_per_class": {
    "hgb_baseline": {
      "glioma": 0.7075,
      "meningioma": 0.945,
      "pituitary": 0.985,
      "notumor": 1.0
    },
    "hgb_sample_weight": {
      "glioma": 0.7075,
      "meningioma": 0.945,
      "pituitary": 0.985,
      "notumor": 1.0
    }
  },
  "cv_accs": {
    "hgb_baseline": 0.9346428571428571,
    "hgb_sample_weight": 0.9346428571428571
  },
  "cv_bal_accs": {
    "hgb_baseline": 0.9346428571428571,
    "hgb_sample_weight": 0.9346428571428571
  }
}