{
  "method": "CRL",
  "acc": 0.8416666666666667,
  "bal_acc": 0.8630050505050505,
  "auc": 0.8905645617885201,
  "per_class": {
    "benign": 0.7879,
    "malignant": 0.9375,
    "normal": 0.8636
  },
  "time_seconds": 60.91169023513794,
  "epochs": 30
}