{
  "loss": [
    0.0,
    0.0,
    0.0,
    0.0,
    0.0,
    0.0,
    0.0,
    0.0,
    0.0,
    0.0,
    0.0,
    0.0,
    0.0,
    0.0,
    0.0,
    0.0,
    0.0,
    0.0,
    0.0,
    0.0,
    0.0,
    0.0,
    0.0,
    0.0,
    0.0,
    0.0,
    0.0,
    0.0,
    0.0,
    0.0,
    0.0,
    0.0,
    0.0,
    0.0,
    0.0,
    0.0,
    0.0,
    0.0,
    0.0,
    0.0,
    0.0,
    0.0,
    0.0,
    0.0,
    0.0,
    0.0,
    0.0,
    0.0,
    0.0,
    0.0
  ],
  "train_acc": [
    0.667332002661344,
    0.564870259481038,
    0.6640053226879574,
    0.6666666666666666,
    0.6773120425815037,
    0.6719893546240852,
    0.6699933466400533,
    0.6793080505655356,
    0.6766467065868264,
    0.677977378576181,
    0.6846307385229541,
    0.6793080505655356,
    0.677977378576181,
    0.6746506986027944,
    0.6806387225548902,
    0.6806387225548902,
    0.6793080505655356,
    0.6640053226879574,
    0.6766467065868264,
    0.6799733865602129,
    0.6892880904856953,
    0.677977378576181,
    0.6766467065868264,
    0.6766467065868264,
    0.6799733865602129,
    0.6813040585495675,
    0.6679973386560213,
    0.6852960745176314,
    0.6580172987358616,
    0.6746506986027944,
    0.6813040585495675,
    0.6866267465069861,
    0.688622754491018,
    0.6766467065868264,
    0.6733200266134398,
    0.6733200266134398,
    0.6833000665335994,
    0.6699933466400533,
    0.6793080505655356,
    0.6806387225548902,
    0.675981370592149,
    0.6806387225548902,
    0.6793080505655356,
    0.6833000665335994,
    0.6766467065868264,
    0.6819693945442449,
    0.6833000665335994,
    0.6852960745176314,
    0.6846307385229541,
    0.6786427145708582
  ],
  "val_acc": [
    0.667332002661344,
    0.564870259481038,
    0.6640053226879574,
    0.6666666666666666,
    0.6773120425815037,
    0.6719893546240852,
    0.6699933466400533,
    0.6793080505655356,
    0.6766467065868264,
    0.677977378576181,
    0.6846307385229541,
    0.6793080505655356,
    0.677977378576181,
    0.6746506986027944,
    0.6806387225548902,
    0.6806387225548902,
    0.6793080505655356,
    0.6640053226879574,
    0.6766467065868264,
    0.6799733865602129,
    0.6892880904856953,
    0.677977378576181,
    0.6766467065868264,
    0.6766467065868264,
    0.6799733865602129,
    0.6813040585495675,
    0.6679973386560213,
    0.6852960745176314,
    0.6580172987358616,
    0.6746506986027944,
    0.6813040585495675,
    0.6866267465069861,
    0.688622754491018,
    0.6766467065868264,
    0.6733200266134398,
    0.6733200266134398,
    0.6833000665335994,
    0.6699933466400533,
    0.6793080505655356,
    0.6806387225548902,
    0.675981370592149,
    0.6806387225548902,
    0.6793080505655356,
    0.6833000665335994,
    0.6766467065868264,
    0.6819693945442449,
    0.6833000665335994,
    0.6852960745176314,
    0.6846307385229541,
    0.6786427145708582
  ],
  "lr": [
    0.0,
    0.0,
    0.0,
    0.0,
    0.0,
    0.0,
    0.0,
    0.0,
    0.0,
    0.0,
    0.0,
    0.0,
    0.0,
    0.0,
    0.0,
    0.0,
    0.0,
    0.0,
    0.0,
    0.0,
    0.0,
    0.0,
    0.0,
    0.0,
    0.0,
    0.0,
    0.0,
    0.0,
    0.0,
    0.0,
    0.0,
    0.0,
    0.0,
    0.0,
    0.0,
    0.0,
    0.0,
    0.0,
    0.0,
    0.0,
    0.0,
    0.0,
    0.0,
    0.0,
    0.0,
    0.0,
    0.0,
    0.0,
    0.0,
    0.0
  ],
  "test_acc": [
    0.667332002661344,
    0.564870259481038,
    0.6640053226879574,
    0.6666666666666666,
    0.6773120425815037,
    0.6719893546240852,
    0.6699933466400533,
    0.6793080505655356,
    0.6766467065868264,
    0.677977378576181,
    0.6846307385229541,
    0.6793080505655356,
    0.677977378576181,
    0.6746506986027944,
    0.6806387225548902,
    0.6806387225548902,
    0.6793080505655356,
    0.6640053226879574,
    0.6766467065868264,
    0.6799733865602129,
    0.6892880904856953,
    0.677977378576181,
    0.6766467065868264,
    0.6766467065868264,
    0.6799733865602129,
    0.6813040585495675,
    0.6679973386560213,
    0.6852960745176314,
    0.6580172987358616,
    0.6746506986027944,
    0.6813040585495675,
    0.6866267465069861,
    0.688622754491018,
    0.6766467065868264,
    0.6733200266134398,
    0.6733200266134398,
    0.6833000665335994,
    0.6699933466400533,
    0.6793080505655356,
    0.6806387225548902,
    0.675981370592149,
    0.6806387225548902,
    0.6793080505655356,
    0.6833000665335994,
    0.6766467065868264,
    0.6819693945442449,
    0.6833000665335994,
    0.6852960745176314,
    0.6846307385229541,
    0.6786427145708582
  ]
}