{
  "version": 2,
  "method": "hgb_sample_weight",
  "test_accuracy": 0.825,
  "test_balanced_accuracy": 0.7755681818181818,
  "test_auc": 0.903357256903884,
  "per_class_test": {
    "benign": 0.9090909090909091,
    "malignant": 0.78125,
    "normal": 0.6363636363636364
  },
  "all_methods": {
    "hgb_baseline": {
      "acc": 0.8166666666666667,
      "bal_acc": 0.7597853535353535,
      "auc": 0.9104202813280194
    },
    "hgb_sample_weight": {
      "acc": 0.825,
      "bal_acc": 0.7755681818181818,
      "auc": 0.903357256903884
    }
  },
  "all_per_class": {
    "hgb_baseline": {
      "benign": 0.9242424242424242,
      "malignant": 0.71875,
      "normal": 0.6363636363636364
    },
    "hgb_sample_weight": {
      "benign": 0.9090909090909091,
      "malignant": 0.78125,
      "normal": 0.6363636363636364
    }
  },
  "cv_accs": {
    "hgb_baseline": 0.7863636363636364,
    "hgb_sample_weight": 0.7863636363636364
  },
  "cv_bal_accs": {
    "hgb_baseline": 0.7319723348419,
    "hgb_sample_weight": 0.7319723348419
  }
}