{
  "method": "CRL",
  "acc": 0.9088888888888889,
  "bal_acc": 0.9088888888888889,
  "auc": 0.9681527407407406,
  "per_class": {
    "normal": 0.9387,
    "pneumonia": 0.9513,
    "covid": 0.8367
  },
  "time_seconds": 273.95932698249817,
  "epochs": 20
}