{
  "method": "densenet121",
  "acc": 0.8642714570858283,
  "bal_acc": 0.8085460990021043,
  "auc": 0.9672527116630155,
  "time_seconds": 5356.524446249008,
  "epochs": 50,
  "report": "              precision    recall  f1-score   support\n\n       akiec     0.5000    0.9184    0.6475        49\n         bcc     0.7750    0.8052    0.7898        77\n         bkl     0.8370    0.6848    0.7533       165\n          df     0.8235    0.7778    0.8000        18\n         mel     0.6552    0.6826    0.6686       167\n          nv     0.9452    0.9274    0.9362      1005\n        vasc     0.9048    0.8636    0.8837        22\n\n    accuracy                         0.8643      1503\n   macro avg     0.7772    0.8085    0.7827      1503\nweighted avg     0.8758    0.8643    0.8671      1503\n"
}