{
  "loss": [
    1.274549250304699,
    0.8726637849753553,
    0.7041305770928209,
    0.6050357467748902,
    0.5615115799687126,
    0.47223495139994404,
    0.4762221798639406,
    0.4104417812756517,
    0.3457149074158885,
    0.3516847416081212,
    0.31606981933794237,
    0.2962912577289072,
    0.23266465897587213,
    0.23796590133146805,
    0.2644161404703151,
    0.22724239291115242,
    0.23058041099628265,
    0.1789686480791054,
    0.21903780132362788,
    0.182031139892272,
    0.13819940848784013,
    0.11400229196826166,
    0.11037435357204893,
    0.09345436709594321,
    0.09331200649030506,
    0.10375164223157547,
    0.10718535240739584,
    0.06690594072411345,
    0.06300592953974211,
    0.07805267352272163,
    0.055171001088720834,
    0.054339535225352106,
    0.04470884612422775,
    0.06653157825983891,
    0.03654659517659721,
    0.03262529696591876,
    0.03602786471178247,
    0.058973651749759236,
    0.030064633203966712,
    0.028550838099115274,
    0.026915764050896872,
    0.038831618836742236,
    0.027280906244943087,
    0.03869030511811037,
    0.02138400558350523,
    0.04463774237189103,
    0.024428357612553308,
    0.021457525128922003,
    0.022224093865687876,
    0.019208358882249078
  ],
  "train_acc": [
    0.5860199714693295,
    0.6786019971469329,
    0.7152639087018545,
    0.7425106990014265,
    0.7536376604850213,
    0.7784593437945792,
    0.7880171184022825,
    0.8079885877318117,
    0.8213980028530671,
    0.8312410841654779,
    0.8392296718972896,
    0.838944365192582,
    0.872039942938659,
    0.8727532097004279,
    0.8554921540656205,
    0.8633380884450784,
    0.8793152639087018,
    0.896718972895863,
    0.8747503566333809,
    0.9055634807417974,
    0.920114122681883,
    0.9275320970042796,
    0.9266761768901569,
    0.9335235378031383,
    0.9429386590584878,
    0.9375178316690442,
    0.9271041369472183,
    0.9534950071326677,
    0.9589158345221113,
    0.9543509272467903,
    0.9640513552068474,
    0.9659058487874465,
    0.9699001426533523,
    0.97018544935806,
    0.975320970042796,
    0.9778887303851641,
    0.9768901569186876,
    0.9787446504992867,
    0.9807417974322397,
    0.9828815977175464,
    0.9833095577746077,
    0.9851640513552068,
    0.9820256776034236,
    0.9834522111269615,
    0.9855920114122682,
    0.9851640513552068,
    0.9840228245363766,
    0.9877318116975748,
    0.9861626248216833,
    0.9863052781740371
  ],
  "val_acc": [
    0.6950732356857523,
    0.7503328894806924,
    0.7529960053262317,
    0.7956058588548602,
    0.810918774966711,
    0.7762982689747004,
    0.8462050599201065,
    0.8415446071904128,
    0.8322237017310253,
    0.8209054593874834,
    0.8495339547270306,
    0.8422103861517976,
    0.833555259653795,
    0.8541944074567244,
    0.8115845539280959,
    0.8402130492676432,
    0.8455392809587217,
    0.844207723035952,
    0.8382157123834887,
    0.8475366178428761,
    0.8501997336884154,
    0.848202396804261,
    0.8535286284953395,
    0.8635153129161118,
    0.8615179760319573,
    0.8735019973368842,
    0.8661784287616512,
    0.8688415446071904,
    0.8695073235685752,
    0.8721704394141145,
    0.8821571238348869,
    0.8761651131824234,
    0.8794940079893475,
    0.8761651131824234,
    0.8848202396804261,
    0.881491344873502,
    0.8781624500665779,
    0.881491344873502,
    0.8761651131824234,
    0.881491344873502,
    0.8821571238348869,
    0.8848202396804261,
    0.8808255659121171,
    0.881491344873502,
    0.8868175765645806,
    0.8901464713715047,
    0.8788282290279628,
    0.8808255659121171,
    0.8761651131824234,
    0.877496671105193
  ],
  "val_bal": [
    0.6545633052024226,
    0.7187848452036184,
    0.7369047436710311,
    0.7960048624308323,
    0.7587993209874091,
    0.7312694398130669,
    0.7883942970759221,
    0.774810048034435,
    0.7959723938000722,
    0.7814430545800948,
    0.8071188939992238,
    0.8086862021292703,
    0.7915466205606938,
    0.7783584658309167,
    0.7648782100063398,
    0.8030029375674664,
    0.774931427918715,
    0.7915276420881602,
    0.8170829040061518,
    0.8136621427909133,
    0.8301840487397673,
    0.7936662039069212,
    0.7828864263049182,
    0.8017723190429573,
    0.8088311116463286,
    0.8038206469551118,
    0.8093440383879031,
    0.8098548023358615,
    0.8130492174810817,
    0.8159022590445953,
    0.8357820879992862,
    0.800556635090066,
    0.7997268680234538,
    0.7934797788899423,
    0.796237090932245,
    0.7923750795376944,
    0.7901948202374397,
    0.7720134589614565,
    0.7838663765246501,
    0.7892535706775085,
    0.8136173120773329,
    0.8151857679564697,
    0.7747397085155069,
    0.788862750979357,
    0.7898408771578448,
    0.7831073570821667,
    0.8175773853701515,
    0.8000768387203034,
    0.7773369301088336,
    0.8318155409138406
  ],
  "lr": [
    9.990133642141359e-05,
    9.96057350657239e-05,
    9.911436253643444e-05,
    9.842915805643155e-05,
    9.755282581475769e-05,
    9.648882429441257e-05,
    9.524135262330098e-05,
    9.381533400219317e-05,
    9.221639627510075e-05,
    9.045084971874735e-05,
    8.852566213878945e-05,
    8.644843137107056e-05,
    8.422735529643442e-05,
    8.187119948743447e-05,
    7.938926261462366e-05,
    7.679133974894982e-05,
    7.408768370508575e-05,
    7.128896457825361e-05,
    6.840622763423389e-05,
    6.545084971874736e-05,
    6.243449435824272e-05,
    5.9369065729286224e-05,
    5.626666167821521e-05,
    5.3139525976465657e-05,
    4.999999999999998e-05,
    4.6860474023534314e-05,
    4.3733338321784775e-05,
    4.063093427071375e-05,
    3.756550564175724e-05,
    3.454915028125263e-05,
    3.1593772365766105e-05,
    2.8711035421746357e-05,
    2.591231629491422e-05,
    2.3208660251050148e-05,
    2.061073738537634e-05,
    1.8128800512565503e-05,
    1.5772644703565555e-05,
    1.3551568628929426e-05,
    1.1474337861210536e-05,
    9.549150281252626e-06,
    7.783603724899252e-06,
    6.184665997806817e-06,
    4.75864737669903e-06,
    3.5111757055874303e-06,
    2.4471741852423216e-06,
    1.5708419435684504e-06,
    8.856374635655631e-07,
    3.942649342761114e-07,
    9.866357858642197e-08,
    0.0
  ]
}