{
  "accuracy": 0.6267281105990783,
  "balanced_accuracy": 0.5162352019960716,
  "macro_f1": 0.5771996568382781,
  "weighted_f1": 0.5998346852813661,
  "auc": 0.12910151315034507,
  "tm_clauses": 2000,
  "tm_T": 3000,
  "tm_s": 5.0,
  "tm_patch": 3,
  "tm_epochs": 50,
  "tm_resolution": 8,
  "tm_img_size": 32,
  "tm_bits_per_pixel": 24,
  "params_count": 17536000,
  "clause_bank_elements": 288000,
  "weight_count": 2000,
  "model_size_mb": 1.107,
  "peak_gpu_mem_mb": 942.0,
  "peak_cpu_mem_mb": 1798.9
}