{
  "loss": [
    0.0,
    0.0,
    0.0,
    0.0,
    0.0,
    0.0,
    0.0,
    0.0,
    0.0,
    0.0,
    0.0,
    0.0,
    0.0,
    0.0,
    0.0,
    0.0,
    0.0,
    0.0,
    0.0,
    0.0,
    0.0,
    0.0,
    0.0,
    0.0,
    0.0,
    0.0,
    0.0,
    0.0,
    0.0,
    0.0,
    0.0,
    0.0,
    0.0,
    0.0,
    0.0,
    0.0,
    0.0,
    0.0,
    0.0,
    0.0,
    0.0,
    0.0,
    0.0,
    0.0,
    0.0,
    0.0,
    0.0,
    0.0,
    0.0,
    0.0
  ],
  "train_acc": [
    0.3870967741935484,
    0.391705069124424,
    0.3824884792626728,
    0.41935483870967744,
    0.4055299539170507,
    0.4009216589861751,
    0.4377880184331797,
    0.41935483870967744,
    0.39631336405529954,
    0.423963133640553,
    0.4377880184331797,
    0.42857142857142855,
    0.4608294930875576,
    0.511520737327189,
    0.45622119815668205,
    0.4377880184331797,
    0.4838709677419355,
    0.4423963133640553,
    0.4377880184331797,
    0.4838709677419355,
    0.45622119815668205,
    0.5668202764976958,
    0.48847926267281105,
    0.5023041474654378,
    0.4792626728110599,
    0.4423963133640553,
    0.5345622119815668,
    0.4976958525345622,
    0.5345622119815668,
    0.5023041474654378,
    0.5622119815668203,
    0.5714285714285714,
    0.5391705069124424,
    0.5391705069124424,
    0.5299539170506913,
    0.5483870967741935,
    0.6129032258064516,
    0.5714285714285714,
    0.5576036866359447,
    0.6267281105990783,
    0.5852534562211982,
    0.6082949308755761,
    0.5898617511520737,
    0.5483870967741935,
    0.6267281105990783,
    0.5898617511520737,
    0.6175115207373272,
    0.5898617511520737,
    0.5576036866359447,
    0.6267281105990783
  ],
  "val_acc": [
    0.3870967741935484,
    0.391705069124424,
    0.3824884792626728,
    0.41935483870967744,
    0.4055299539170507,
    0.4009216589861751,
    0.4377880184331797,
    0.41935483870967744,
    0.39631336405529954,
    0.423963133640553,
    0.4377880184331797,
    0.42857142857142855,
    0.4608294930875576,
    0.511520737327189,
    0.45622119815668205,
    0.4377880184331797,
    0.4838709677419355,
    0.4423963133640553,
    0.4377880184331797,
    0.4838709677419355,
    0.45622119815668205,
    0.5668202764976958,
    0.48847926267281105,
    0.5023041474654378,
    0.4792626728110599,
    0.4423963133640553,
    0.5345622119815668,
    0.4976958525345622,
    0.5345622119815668,
    0.5023041474654378,
    0.5622119815668203,
    0.5714285714285714,
    0.5391705069124424,
    0.5391705069124424,
    0.5299539170506913,
    0.5483870967741935,
    0.6129032258064516,
    0.5714285714285714,
    0.5576036866359447,
    0.6267281105990783,
    0.5852534562211982,
    0.6082949308755761,
    0.5898617511520737,
    0.5483870967741935,
    0.6267281105990783,
    0.5898617511520737,
    0.6175115207373272,
    0.5898617511520737,
    0.5576036866359447,
    0.6267281105990783
  ],
  "lr": [
    0.0,
    0.0,
    0.0,
    0.0,
    0.0,
    0.0,
    0.0,
    0.0,
    0.0,
    0.0,
    0.0,
    0.0,
    0.0,
    0.0,
    0.0,
    0.0,
    0.0,
    0.0,
    0.0,
    0.0,
    0.0,
    0.0,
    0.0,
    0.0,
    0.0,
    0.0,
    0.0,
    0.0,
    0.0,
    0.0,
    0.0,
    0.0,
    0.0,
    0.0,
    0.0,
    0.0,
    0.0,
    0.0,
    0.0,
    0.0,
    0.0,
    0.0,
    0.0,
    0.0,
    0.0,
    0.0,
    0.0,
    0.0,
    0.0,
    0.0
  ],
  "test_acc": [
    0.3870967741935484,
    0.391705069124424,
    0.3824884792626728,
    0.41935483870967744,
    0.4055299539170507,
    0.4009216589861751,
    0.4377880184331797,
    0.41935483870967744,
    0.39631336405529954,
    0.423963133640553,
    0.4377880184331797,
    0.42857142857142855,
    0.4608294930875576,
    0.511520737327189,
    0.45622119815668205,
    0.4377880184331797,
    0.4838709677419355,
    0.4423963133640553,
    0.4377880184331797,
    0.4838709677419355,
    0.45622119815668205,
    0.5668202764976958,
    0.48847926267281105,
    0.5023041474654378,
    0.4792626728110599,
    0.4423963133640553,
    0.5345622119815668,
    0.4976958525345622,
    0.5345622119815668,
    0.5023041474654378,
    0.5622119815668203,
    0.5714285714285714,
    0.5391705069124424,
    0.5391705069124424,
    0.5299539170506913,
    0.5483870967741935,
    0.6129032258064516,
    0.5714285714285714,
    0.5576036866359447,
    0.6267281105990783,
    0.5852534562211982,
    0.6082949308755761,
    0.5898617511520737,
    0.5483870967741935,
    0.6267281105990783,
    0.5898617511520737,
    0.6175115207373272,
    0.5898617511520737,
    0.5576036866359447,
    0.6267281105990783
  ]
}