{
  "accuracy": 0.8986175115207373,
  "balanced_accuracy": 0.8735474066995806,
  "macro_f1": 0.9040778683014707,
  "weighted_f1": 0.8980378410266495,
  "auc": 0.9665678190583049
}