{
  "loss": [
    1.6727104102324577,
    0.6739924940588248,
    0.28844822057232056,
    0.19514671305186068,
    0.14551960990439713,
    0.10952446873371417,
    0.2370842399100912,
    0.41640290895738213,
    0.39907015481146213,
    0.10506195847737304,
    0.058242576073737166,
    0.020101751343292347,
    0.010141004192984212,
    0.007882734097548806,
    0.008576862939435366,
    0.0048422907567604095,
    0.00299037320042088,
    0.002573628966197186,
    0.006246182337251589,
    0.004021212244111353,
    0.0047018857731808365,
    0.008502190318369471,
    0.004562435353836424,
    0.0016231026631101494,
    0.0013197752908377896,
    0.0021090641613560833,
    0.0024258602132422352,
    0.001511391144344895,
    0.0010719235194214867,
    0.0010736101109174194,
    0.0021107990559131513,
    0.003964229453893956,
    0.0027940996265675183,
    0.002687339634819976,
    0.0028705366605859066,
    0.0016286432926387133
  ],
  "train_acc": [
    0.32941176470588235,
    0.6434389140271494,
    0.8262443438914027,
    0.8914027149321267,
    0.9212669683257918,
    0.9429864253393665,
    0.897737556561086,
    0.8470588235294118,
    0.7610859728506787,
    0.934841628959276,
    0.9692307692307692,
    0.9873303167420815,
    0.995475113122172,
    0.995475113122172,
    0.9972850678733032,
    0.9981900452488688,
    0.9990950226244344,
    1.0,
    0.9936651583710407,
    0.9990950226244344,
    0.9981900452488688,
    0.9918552036199095,
    0.9981900452488688,
    1.0,
    1.0,
    1.0,
    0.9990950226244344,
    0.9990950226244344,
    1.0,
    1.0,
    0.9990950226244344,
    0.9981900452488688,
    0.9981900452488688,
    1.0,
    0.9981900452488688,
    0.9990950226244344
  ],
  "val_acc": [
    0.4423963133640553,
    0.6082949308755761,
    0.783410138248848,
    0.7972350230414746,
    0.7972350230414746,
    0.8525345622119815,
    0.695852534562212,
    0.5529953917050692,
    0.7788018433179723,
    0.8525345622119815,
    0.8894009216589862,
    0.9124423963133641,
    0.9216589861751152,
    0.9124423963133641,
    0.9308755760368663,
    0.9262672811059908,
    0.9216589861751152,
    0.9216589861751152,
    0.9124423963133641,
    0.9170506912442397,
    0.9400921658986175,
    0.9170506912442397,
    0.9216589861751152,
    0.9262672811059908,
    0.9170506912442397,
    0.9308755760368663,
    0.9354838709677419,
    0.9354838709677419,
    0.9308755760368663,
    0.9262672811059908,
    0.9262672811059908,
    0.9308755760368663,
    0.9216589861751152,
    0.9262672811059908,
    0.9262672811059908,
    0.9216589861751152
  ],
  "lr": [
    0.0009996145181203615,
    0.000998458666866564,
    0.0009965342284774632,
    0.0009938441702975688,
    0.0009903926402016151,
    0.0009861849601988382,
    0.0009812276182268236,
    0.0009755282581475768,
    0.0009690956679612421,
    0.0009619397662556433,
    0.0009540715869125406,
    0.0009455032620941839,
    0.0009362480035363986,
    0.0009263200821770461,
    0.0009157348061512728,
    0.0009045084971874739,
    0.0008926584654403725,
    0.0008802029828000156,
    0.0008671612547178428,
    0.0008535533905932737,
    0.0008394003727664709,
    0.0008247240241650919,
    0.000809546974654917,
    0.0007938926261462366,
    0.0007777851165098012,
    0.0007612492823579744,
    0.0007443106207484776,
    0.0007269952498697734,
    0.0007093298687687142,
    0.000691341716182545,
    0.0006730585285387465,
    0.0006545084971874737,
    0.0006357202249325371,
    0.0006167226819279528,
    0.0005975451610080642,
    0.0005782172325201155
  ]
}