{
  "accuracy": 0.9354838709677419,
  "balanced_accuracy": 0.9466223390136435,
  "macro_f1": 0.9406325772256107,
  "weighted_f1": 0.9355704645512909,
  "auc": 0.9954642603916156,
  "per_class_accuracy": {
    "0": 0.8846153846153846,
    "1": 0.75,
    "2": 1.0,
    "3": 1.0,
    "4": 0.9347826086956522,
    "5": 1.0,
    "6": 1.0,
    "7": 1.0,
    "8": 0.9523809523809523,
    "9": 0.9444444444444444
  },
  "sensitivity": {
    "0": 0.8846153846153846,
    "1": 0.75,
    "2": 1.0,
    "3": 1.0,
    "4": 0.9347826086956522,
    "5": 1.0,
    "6": 1.0,
    "7": 1.0,
    "8": 0.9523809523809523,
    "9": 0.9444444444444444
  },
  "specificity": {
    "0": 1.0,
    "1": 1.0,
    "2": 0.9856459330143541,
    "3": 1.0,
    "4": 0.9766081871345029,
    "5": 1.0,
    "6": 1.0,
    "7": 0.9951690821256038,
    "8": 0.9624060150375939,
    "9": 0.9949748743718593
  },
  "best_val_accuracy": 0.9631336405529954,
  "gradcam_saved": 10
}