{
  "loss": [
    1.96669915628649,
    1.6521266311541942,
    1.6519190443047571,
    1.30457034618067,
    1.0259047899850353,
    0.8196598762300759,
    0.8510799210535455,
    0.6386613428592682,
    0.45297027672577767,
    0.38226879649032836,
    0.3632031494406014,
    0.3226444463654341,
    0.33633254032868604,
    0.3822431676258329,
    0.4987576139998112,
    0.42323742605981785,
    0.30265450652907877,
    0.23577520156877613,
    0.13945936930125655,
    0.11288079539170633,
    0.1284040072924411,
    0.12698473760445195,
    0.12788281273518212,
    0.0894212644058385,
    0.06156693082724222,
    0.044995154715164215,
    0.041919545089295004,
    0.04021039467928636,
    0.06841267270470097,
    0.059364869003921614,
    0.11477021886482498,
    0.10015469103191908,
    0.12162312594288749,
    0.0861620621781004,
    0.03919086367296418,
    0.04320937742171514,
    0.03771143362971183,
    0.03168983565331584,
    0.02717763990231229,
    0.06293998163075469,
    0.031245749032470436,
    0.03387501739403781,
    0.04400376781349268,
    0.047044093237675694,
    0.030691310424543074,
    0.02417786568951081,
    0.016265313871777976,
    0.021089480793718838,
    0.031111209485595582,
    0.02671299942988245,
    0.03667382125940798,
    0.02170063193162642,
    0.020294430027231237
  ],
  "train_acc": [
    0.20904977375565612,
    0.2986425339366516,
    0.29773755656108597,
    0.40090497737556563,
    0.4841628959276018,
    0.5601809954751131,
    0.5683257918552036,
    0.6425339366515838,
    0.7321266968325791,
    0.7692307692307693,
    0.7873303167420814,
    0.8072398190045249,
    0.820814479638009,
    0.7927601809954751,
    0.7239819004524887,
    0.7927601809954751,
    0.8244343891402715,
    0.8479638009049774,
    0.8923076923076924,
    0.9276018099547512,
    0.9095022624434389,
    0.9276018099547512,
    0.9085972850678733,
    0.9447963800904977,
    0.9529411764705882,
    0.9701357466063348,
    0.9701357466063348,
    0.9791855203619909,
    0.9583710407239819,
    0.9647058823529412,
    0.9475113122171945,
    0.9330316742081448,
    0.9294117647058824,
    0.9484162895927601,
    0.9773755656108597,
    0.9610859728506788,
    0.9782805429864253,
    0.9773755656108597,
    0.9800904977375565,
    0.9638009049773756,
    0.9737556561085973,
    0.9782805429864253,
    0.9701357466063348,
    0.9764705882352941,
    0.983710407239819,
    0.9809954751131221,
    0.9864253393665159,
    0.9864253393665159,
    0.9737556561085973,
    0.9809954751131221,
    0.971945701357466,
    0.9882352941176471,
    0.9782805429864253
  ],
  "val_acc": [
    0.17050691244239632,
    0.2672811059907834,
    0.16129032258064516,
    0.35944700460829493,
    0.4377880184331797,
    0.46543778801843316,
    0.543778801843318,
    0.543778801843318,
    0.6405529953917051,
    0.6221198156682027,
    0.7695852534562212,
    0.5714285714285714,
    0.6589861751152074,
    0.5253456221198156,
    0.6221198156682027,
    0.7004608294930875,
    0.6451612903225806,
    0.6728110599078341,
    0.8341013824884793,
    0.8341013824884793,
    0.8202764976958525,
    0.8525345622119815,
    0.8433179723502304,
    0.9032258064516129,
    0.9216589861751152,
    0.9308755760368663,
    0.9262672811059908,
    0.9170506912442397,
    0.815668202764977,
    0.9354838709677419,
    0.7649769585253456,
    0.8387096774193549,
    0.8894009216589862,
    0.8894009216589862,
    0.9308755760368663,
    0.9262672811059908,
    0.9447004608294931,
    0.9631336405529954,
    0.9493087557603687,
    0.9170506912442397,
    0.9124423963133641,
    0.9354838709677419,
    0.9216589861751152,
    0.9216589861751152,
    0.9216589861751152,
    0.9447004608294931,
    0.9539170506912442,
    0.9585253456221198,
    0.9078341013824884,
    0.9400921658986175,
    0.9216589861751152,
    0.9447004608294931,
    0.9539170506912442
  ],
  "lr": [
    0.0009997532801828658,
    0.0009990133642141358,
    0.00099778098230154,
    0.000996057350657239,
    0.0009938441702975688,
    0.0009911436253643444,
    0.0009879583809693736,
    0.0009842915805643154,
    0.0009801468428384714,
    0.0009755282581475767,
    0.0009704403844771127,
    0.0009648882429441257,
    0.0009588773128419905,
    0.0009524135262330098,
    0.0009455032620941839,
    0.0009381533400219318,
    0.0009303710135019719,
    0.0009221639627510076,
    0.000913540287137281,
    0.0009045084971874739,
    0.0008950775061878452,
    0.0008852566213878947,
    0.0008750555348152298,
    0.0008644843137107057,
    0.0008535533905932737,
    0.0008422735529643444,
    0.0008306559326618259,
    0.0008187119948743449,
    0.0008064535268264883,
    0.0007938926261462367,
    0.0007810416889260654,
    0.0007679133974894983,
    0.0007545207078751857,
    0.0007408768370508577,
    0.0007269952498697734,
    0.0007128896457825364,
    0.0006985739453173903,
    0.0006840622763423391,
    0.0006693689601226458,
    0.0006545084971874737,
    0.0006394955530196147,
    0.0006243449435824273,
    0.0006090716206982714,
    0.0005936906572928625,
    0.0005782172325201156,
    0.0005626666167821523,
    0.0005470541566592572,
    0.0005313952597646569,
    0.0005157053795390643,
    0.0005000000000000002,
    0.00048429462046093607,
    0.0004686047402353435,
    0.000452945843340743
  ]
}