{
  "method": "otm",
  "acc": 0.8604444444444445,
  "bal_acc": 0.8604444444444445,
  "auc": 0.9067251851851852,
  "macro_f1": 0.8559008934819928,
  "weighted_f1": 0.8559008934819928,
  "time_seconds": 15896.869775533676,
  "epochs": 20,
  "tm_clauses": 2000,
  "tm_T": 3000,
  "tm_s": 5.0,
  "tm_patch": 3,
  "tm_resolution": 8,
  "tm_img_size": 32,
  "tm_bits_per_pixel": 24,
  "report": "              precision    recall  f1-score   support\n\n      normal     0.8566    0.9560    0.9036      1500\n   pneumonia     0.8226    0.9427    0.8785      1500\n       covid     0.9250    0.6827    0.7856      1500\n\n    accuracy                         0.8604      4500\n   macro avg     0.8681    0.8604    0.8559      4500\nweighted avg     0.8681    0.8604    0.8559      4500\n",
  "params_count": 17536000,
  "clause_bank_elements": 288000,
  "weight_count": 2000,
  "model_size_mb": 1.107,
  "peak_gpu_mem_mb": 1766.0,
  "peak_cpu_mem_mb": 5552.5
}