{
  "loss": [
    0.0,
    0.0,
    0.0,
    0.0,
    0.0,
    0.0,
    0.0,
    0.0,
    0.0,
    0.0,
    0.0,
    0.0,
    0.0,
    0.0,
    0.0,
    0.0,
    0.0,
    0.0,
    0.0,
    0.0
  ],
  "train_acc": [
    0.8042222222222222,
    0.81,
    0.8211111111111111,
    0.8295555555555556,
    0.8384444444444444,
    0.8286666666666667,
    0.848,
    0.8522222222222222,
    0.8477777777777777,
    0.8544444444444445,
    0.8571111111111112,
    0.8564444444444445,
    0.842,
    0.8617777777777778,
    0.8688888888888889,
    0.8673333333333333,
    0.8606666666666667,
    0.8668888888888889,
    0.862,
    0.8604444444444445
  ],
  "val_acc": [
    0.8042222222222222,
    0.81,
    0.8211111111111111,
    0.8295555555555556,
    0.8384444444444444,
    0.8286666666666667,
    0.848,
    0.8522222222222222,
    0.8477777777777777,
    0.8544444444444445,
    0.8571111111111112,
    0.8564444444444445,
    0.842,
    0.8617777777777778,
    0.8688888888888889,
    0.8673333333333333,
    0.8606666666666667,
    0.8668888888888889,
    0.862,
    0.8604444444444445
  ],
  "lr": [
    0.0,
    0.0,
    0.0,
    0.0,
    0.0,
    0.0,
    0.0,
    0.0,
    0.0,
    0.0,
    0.0,
    0.0,
    0.0,
    0.0,
    0.0,
    0.0,
    0.0,
    0.0,
    0.0,
    0.0
  ],
  "test_acc": [
    0.8042222222222222,
    0.81,
    0.8211111111111111,
    0.8295555555555556,
    0.8384444444444444,
    0.8286666666666667,
    0.848,
    0.8522222222222222,
    0.8477777777777777,
    0.8544444444444445,
    0.8571111111111112,
    0.8564444444444445,
    0.842,
    0.8617777777777778,
    0.8688888888888889,
    0.8673333333333333,
    0.8606666666666667,
    0.8668888888888889,
    0.862,
    0.8604444444444445
  ]
}