{
  "method": "densenet121",
  "acc": 0.9451111111111111,
  "bal_acc": 0.9451111111111111,
  "auc": 0.9930792222222222,
  "per_class": {
    "normal": 0.9667,
    "pneumonia": 0.9607,
    "covid": 0.908
  },
  "time_seconds": 453.0627794265747,
  "epochs": 20
}