{
  "loss": [
    0.0,
    0.0,
    0.0,
    0.0,
    0.0,
    0.0,
    0.0,
    0.0,
    0.0,
    0.0,
    0.0,
    0.0,
    0.0,
    0.0,
    0.0,
    0.0,
    0.0,
    0.0,
    0.0,
    0.0,
    0.0,
    0.0,
    0.0,
    0.0,
    0.0,
    0.0,
    0.0,
    0.0,
    0.0,
    0.0,
    0.0,
    0.0,
    0.0,
    0.0,
    0.0,
    0.0,
    0.0,
    0.0,
    0.0,
    0.0,
    0.0,
    0.0,
    0.0,
    0.0,
    0.0,
    0.0,
    0.0,
    0.0,
    0.0,
    0.0
  ],
  "train_acc": [
    0.391705069124424,
    0.4055299539170507,
    0.39631336405529954,
    0.41935483870967744,
    0.4470046082949309,
    0.39631336405529954,
    0.4377880184331797,
    0.4470046082949309,
    0.4147465437788018,
    0.4377880184331797,
    0.45161290322580644,
    0.4608294930875576,
    0.4470046082949309,
    0.4423963133640553,
    0.5023041474654378,
    0.47465437788018433,
    0.4700460829493088,
    0.45622119815668205,
    0.4838709677419355,
    0.4700460829493088,
    0.46543778801843316,
    0.45622119815668205,
    0.4608294930875576,
    0.45622119815668205,
    0.47465437788018433,
    0.4930875576036866,
    0.4930875576036866,
    0.47465437788018433,
    0.5253456221198156,
    0.4792626728110599,
    0.5023041474654378,
    0.5207373271889401,
    0.5161290322580645,
    0.5207373271889401,
    0.5161290322580645,
    0.5576036866359447,
    0.5576036866359447,
    0.5345622119815668,
    0.5714285714285714,
    0.5529953917050692,
    0.5806451612903226,
    0.5668202764976958,
    0.543778801843318,
    0.5622119815668203,
    0.5529953917050692,
    0.5483870967741935,
    0.5852534562211982,
    0.5529953917050692,
    0.5668202764976958,
    0.5852534562211982
  ],
  "val_acc": [
    0.391705069124424,
    0.4055299539170507,
    0.39631336405529954,
    0.41935483870967744,
    0.4470046082949309,
    0.39631336405529954,
    0.4377880184331797,
    0.4470046082949309,
    0.4147465437788018,
    0.4377880184331797,
    0.45161290322580644,
    0.4608294930875576,
    0.4470046082949309,
    0.4423963133640553,
    0.5023041474654378,
    0.47465437788018433,
    0.4700460829493088,
    0.45622119815668205,
    0.4838709677419355,
    0.4700460829493088,
    0.46543778801843316,
    0.45622119815668205,
    0.4608294930875576,
    0.45622119815668205,
    0.47465437788018433,
    0.4930875576036866,
    0.4930875576036866,
    0.47465437788018433,
    0.5253456221198156,
    0.4792626728110599,
    0.5023041474654378,
    0.5207373271889401,
    0.5161290322580645,
    0.5207373271889401,
    0.5161290322580645,
    0.5576036866359447,
    0.5576036866359447,
    0.5345622119815668,
    0.5714285714285714,
    0.5529953917050692,
    0.5806451612903226,
    0.5668202764976958,
    0.543778801843318,
    0.5622119815668203,
    0.5529953917050692,
    0.5483870967741935,
    0.5852534562211982,
    0.5529953917050692,
    0.5668202764976958,
    0.5852534562211982
  ],
  "lr": [
    0.0,
    0.0,
    0.0,
    0.0,
    0.0,
    0.0,
    0.0,
    0.0,
    0.0,
    0.0,
    0.0,
    0.0,
    0.0,
    0.0,
    0.0,
    0.0,
    0.0,
    0.0,
    0.0,
    0.0,
    0.0,
    0.0,
    0.0,
    0.0,
    0.0,
    0.0,
    0.0,
    0.0,
    0.0,
    0.0,
    0.0,
    0.0,
    0.0,
    0.0,
    0.0,
    0.0,
    0.0,
    0.0,
    0.0,
    0.0,
    0.0,
    0.0,
    0.0,
    0.0,
    0.0,
    0.0,
    0.0,
    0.0,
    0.0,
    0.0
  ],
  "test_acc": [
    0.391705069124424,
    0.4055299539170507,
    0.39631336405529954,
    0.41935483870967744,
    0.4470046082949309,
    0.39631336405529954,
    0.4377880184331797,
    0.4470046082949309,
    0.4147465437788018,
    0.4377880184331797,
    0.45161290322580644,
    0.4608294930875576,
    0.4470046082949309,
    0.4423963133640553,
    0.5023041474654378,
    0.47465437788018433,
    0.4700460829493088,
    0.45622119815668205,
    0.4838709677419355,
    0.4700460829493088,
    0.46543778801843316,
    0.45622119815668205,
    0.4608294930875576,
    0.45622119815668205,
    0.47465437788018433,
    0.4930875576036866,
    0.4930875576036866,
    0.47465437788018433,
    0.5253456221198156,
    0.4792626728110599,
    0.5023041474654378,
    0.5207373271889401,
    0.5161290322580645,
    0.5207373271889401,
    0.5161290322580645,
    0.5576036866359447,
    0.5576036866359447,
    0.5345622119815668,
    0.5714285714285714,
    0.5529953917050692,
    0.5806451612903226,
    0.5668202764976958,
    0.543778801843318,
    0.5622119815668203,
    0.5529953917050692,
    0.5483870967741935,
    0.5852534562211982,
    0.5529953917050692,
    0.5668202764976958,
    0.5852534562211982
  ]
}