{
  "version": 2,
  "method": "hgb_baseline",
  "test_accuracy": 0.89875,
  "test_balanced_accuracy": 0.89875,
  "test_auc": 0.9696281250000001,
  "per_class_test": {
    "glioma": 0.69,
    "meningioma": 0.9375,
    "pituitary": 0.97,
    "notumor": 0.9975
  },
  "all_methods": {
    "hgb_baseline": {
      "acc": 0.89875,
      "bal_acc": 0.89875,
      "auc": 0.9696281250000001
    },
    "hgb_sample_weight": {
      "acc": 0.89875,
      "bal_acc": 0.89875,
      "auc": 0.9696281250000001
    }
  },
  "all_per_class": {
    "hgb_baseline": {
      "glioma": 0.69,
      "meningioma": 0.9375,
      "pituitary": 0.97,
      "notumor": 0.9975
    },
    "hgb_sample_weight": {
      "glioma": 0.69,
      "meningioma": 0.9375,
      "pituitary": 0.97,
      "notumor": 0.9975
    }
  },
  "cv_accs": {
    "hgb_baseline": 0.9367857142857142,
    "hgb_sample_weight": 0.9367857142857142
  },
  "cv_bal_accs": {
    "hgb_baseline": 0.9367857142857142,
    "hgb_sample_weight": 0.9367857142857142
  }
}