{
  "loss": [
    0.0,
    0.0,
    0.0,
    0.0,
    0.0,
    0.0,
    0.0,
    0.0,
    0.0,
    0.0,
    0.0,
    0.0,
    0.0,
    0.0,
    0.0,
    0.0,
    0.0,
    0.0,
    0.0,
    0.0,
    0.0,
    0.0,
    0.0,
    0.0,
    0.0,
    0.0,
    0.0,
    0.0,
    0.0,
    0.0,
    0.0,
    0.0,
    0.0,
    0.0,
    0.0,
    0.0,
    0.0,
    0.0,
    0.0,
    0.0,
    0.0,
    0.0,
    0.0,
    0.0,
    0.0,
    0.0,
    0.0,
    0.0,
    0.0,
    0.0
  ],
  "train_acc": [
    0.55,
    0.55,
    0.55,
    0.55,
    0.55,
    0.55,
    0.55,
    0.55,
    0.55,
    0.5666666666666667,
    0.575,
    0.5666666666666667,
    0.5916666666666667,
    0.6,
    0.625,
    0.65,
    0.6583333333333333,
    0.6333333333333333,
    0.6666666666666666,
    0.6666666666666666,
    0.6916666666666667,
    0.7,
    0.7083333333333334,
    0.7166666666666667,
    0.725,
    0.725,
    0.7083333333333334,
    0.7166666666666667,
    0.7083333333333334,
    0.75,
    0.7583333333333333,
    0.7416666666666667,
    0.7416666666666667,
    0.7333333333333333,
    0.725,
    0.7166666666666667,
    0.7166666666666667,
    0.7,
    0.7,
    0.7083333333333334,
    0.75,
    0.7333333333333333,
    0.725,
    0.7583333333333333,
    0.75,
    0.7416666666666667,
    0.7416666666666667,
    0.75,
    0.7416666666666667,
    0.7333333333333333
  ],
  "val_acc": [
    0.55,
    0.55,
    0.55,
    0.55,
    0.55,
    0.55,
    0.55,
    0.55,
    0.55,
    0.5666666666666667,
    0.575,
    0.5666666666666667,
    0.5916666666666667,
    0.6,
    0.625,
    0.65,
    0.6583333333333333,
    0.6333333333333333,
    0.6666666666666666,
    0.6666666666666666,
    0.6916666666666667,
    0.7,
    0.7083333333333334,
    0.7166666666666667,
    0.725,
    0.725,
    0.7083333333333334,
    0.7166666666666667,
    0.7083333333333334,
    0.75,
    0.7583333333333333,
    0.7416666666666667,
    0.7416666666666667,
    0.7333333333333333,
    0.725,
    0.7166666666666667,
    0.7166666666666667,
    0.7,
    0.7,
    0.7083333333333334,
    0.75,
    0.7333333333333333,
    0.725,
    0.7583333333333333,
    0.75,
    0.7416666666666667,
    0.7416666666666667,
    0.75,
    0.7416666666666667,
    0.7333333333333333
  ],
  "lr": [
    0.0,
    0.0,
    0.0,
    0.0,
    0.0,
    0.0,
    0.0,
    0.0,
    0.0,
    0.0,
    0.0,
    0.0,
    0.0,
    0.0,
    0.0,
    0.0,
    0.0,
    0.0,
    0.0,
    0.0,
    0.0,
    0.0,
    0.0,
    0.0,
    0.0,
    0.0,
    0.0,
    0.0,
    0.0,
    0.0,
    0.0,
    0.0,
    0.0,
    0.0,
    0.0,
    0.0,
    0.0,
    0.0,
    0.0,
    0.0,
    0.0,
    0.0,
    0.0,
    0.0,
    0.0,
    0.0,
    0.0,
    0.0,
    0.0,
    0.0
  ],
  "test_acc": [
    0.55,
    0.55,
    0.55,
    0.55,
    0.55,
    0.55,
    0.55,
    0.55,
    0.55,
    0.5666666666666667,
    0.575,
    0.5666666666666667,
    0.5916666666666667,
    0.6,
    0.625,
    0.65,
    0.6583333333333333,
    0.6333333333333333,
    0.6666666666666666,
    0.6666666666666666,
    0.6916666666666667,
    0.7,
    0.7083333333333334,
    0.7166666666666667,
    0.725,
    0.725,
    0.7083333333333334,
    0.7166666666666667,
    0.7083333333333334,
    0.75,
    0.7583333333333333,
    0.7416666666666667,
    0.7416666666666667,
    0.7333333333333333,
    0.725,
    0.7166666666666667,
    0.7166666666666667,
    0.7,
    0.7,
    0.7083333333333334,
    0.75,
    0.7333333333333333,
    0.725,
    0.7583333333333333,
    0.75,
    0.7416666666666667,
    0.7416666666666667,
    0.75,
    0.7416666666666667,
    0.7333333333333333
  ]
}