{
  "method": "otm",
  "acc": 0.833125,
  "bal_acc": 0.8331249999999999,
  "auc": 0.9007489583333333,
  "macro_f1": 0.8280048164827702,
  "weighted_f1": 0.8280048164827702,
  "time_seconds": 1623.016613960266,
  "epochs": 50,
  "tm_clauses": 2000,
  "tm_T": 3000,
  "tm_s": 5.0,
  "tm_patch": 3,
  "tm_resolution": 8,
  "tm_img_size": 32,
  "tm_bits_per_pixel": 24,
  "report": "              precision    recall  f1-score   support\n\n      glioma     0.8063    0.6350    0.7105       400\n  meningioma     0.7653    0.7825    0.7738       400\n   pituitary     0.8791    0.9275    0.9027       400\n     notumor     0.8700    0.9875    0.9251       400\n\n    accuracy                         0.8331      1600\n   macro avg     0.8302    0.8331    0.8280      1600\nweighted avg     0.8302    0.8331    0.8280      1600\n",
  "params_count": 17536000,
  "clause_bank_elements": 288000,
  "weight_count": 2000,
  "model_size_mb": 1.107,
  "peak_gpu_mem_mb": 1238.0,
  "peak_cpu_mem_mb": 3062.6
}