{
  "loss": [
    0.0,
    0.0,
    0.0,
    0.0,
    0.0,
    0.0,
    0.0,
    0.0,
    0.0,
    0.0,
    0.0,
    0.0,
    0.0,
    0.0,
    0.0,
    0.0,
    0.0,
    0.0,
    0.0,
    0.0,
    0.0,
    0.0,
    0.0,
    0.0,
    0.0,
    0.0,
    0.0,
    0.0,
    0.0,
    0.0,
    0.0,
    0.0,
    0.0,
    0.0,
    0.0,
    0.0,
    0.0,
    0.0,
    0.0,
    0.0,
    0.0,
    0.0,
    0.0,
    0.0,
    0.0,
    0.0,
    0.0,
    0.0,
    0.0,
    0.0
  ],
  "train_acc": [
    0.653125,
    0.6825,
    0.7075,
    0.72625,
    0.738125,
    0.754375,
    0.7625,
    0.755,
    0.7575,
    0.77125,
    0.741875,
    0.775625,
    0.7675,
    0.78,
    0.779375,
    0.793125,
    0.798125,
    0.808125,
    0.7975,
    0.8125,
    0.813125,
    0.81625,
    0.796875,
    0.813125,
    0.816875,
    0.801875,
    0.813125,
    0.811875,
    0.805625,
    0.828125,
    0.823125,
    0.806875,
    0.801875,
    0.803125,
    0.816875,
    0.825625,
    0.821875,
    0.828125,
    0.818125,
    0.813125,
    0.820625,
    0.80875,
    0.8325,
    0.815625,
    0.825,
    0.8225,
    0.8325,
    0.830625,
    0.830625,
    0.833125
  ],
  "val_acc": [
    0.653125,
    0.6825,
    0.7075,
    0.72625,
    0.738125,
    0.754375,
    0.7625,
    0.755,
    0.7575,
    0.77125,
    0.741875,
    0.775625,
    0.7675,
    0.78,
    0.779375,
    0.793125,
    0.798125,
    0.808125,
    0.7975,
    0.8125,
    0.813125,
    0.81625,
    0.796875,
    0.813125,
    0.816875,
    0.801875,
    0.813125,
    0.811875,
    0.805625,
    0.828125,
    0.823125,
    0.806875,
    0.801875,
    0.803125,
    0.816875,
    0.825625,
    0.821875,
    0.828125,
    0.818125,
    0.813125,
    0.820625,
    0.80875,
    0.8325,
    0.815625,
    0.825,
    0.8225,
    0.8325,
    0.830625,
    0.830625,
    0.833125
  ],
  "lr": [
    0.0,
    0.0,
    0.0,
    0.0,
    0.0,
    0.0,
    0.0,
    0.0,
    0.0,
    0.0,
    0.0,
    0.0,
    0.0,
    0.0,
    0.0,
    0.0,
    0.0,
    0.0,
    0.0,
    0.0,
    0.0,
    0.0,
    0.0,
    0.0,
    0.0,
    0.0,
    0.0,
    0.0,
    0.0,
    0.0,
    0.0,
    0.0,
    0.0,
    0.0,
    0.0,
    0.0,
    0.0,
    0.0,
    0.0,
    0.0,
    0.0,
    0.0,
    0.0,
    0.0,
    0.0,
    0.0,
    0.0,
    0.0,
    0.0,
    0.0
  ],
  "test_acc": [
    0.653125,
    0.6825,
    0.7075,
    0.72625,
    0.738125,
    0.754375,
    0.7625,
    0.755,
    0.7575,
    0.77125,
    0.741875,
    0.775625,
    0.7675,
    0.78,
    0.779375,
    0.793125,
    0.798125,
    0.808125,
    0.7975,
    0.8125,
    0.813125,
    0.81625,
    0.796875,
    0.813125,
    0.816875,
    0.801875,
    0.813125,
    0.811875,
    0.805625,
    0.828125,
    0.823125,
    0.806875,
    0.801875,
    0.803125,
    0.816875,
    0.825625,
    0.821875,
    0.828125,
    0.818125,
    0.813125,
    0.820625,
    0.80875,
    0.8325,
    0.815625,
    0.825,
    0.8225,
    0.8325,
    0.830625,
    0.830625,
    0.833125
  ]
}