{
  "version": 2,
  "method": "hgb_sample_weight",
  "test_accuracy": 0.8333333333333334,
  "test_balanced_accuracy": 0.7651515151515151,
  "test_auc": 0.8944439851557907,
  "per_class_test": {
    "benign": 0.9545454545454546,
    "malignant": 0.75,
    "normal": 0.5909090909090909
  },
  "all_methods": {
    "hgb_baseline": {
      "acc": 0.8083333333333333,
      "bal_acc": 0.7345328282828283,
      "auc": 0.8841592595932873
    },
    "hgb_sample_weight": {
      "acc": 0.8333333333333334,
      "bal_acc": 0.7651515151515151,
      "auc": 0.8944439851557907
    }
  },
  "all_per_class": {
    "hgb_baseline": {
      "benign": 0.9393939393939394,
      "malignant": 0.71875,
      "normal": 0.5454545454545454
    },
    "hgb_sample_weight": {
      "benign": 0.9545454545454546,
      "malignant": 0.75,
      "normal": 0.5909090909090909
    }
  },
  "cv_accs": {
    "hgb_baseline": 0.7787878787878787,
    "hgb_sample_weight": 0.7787878787878787
  },
  "cv_bal_accs": {
    "hgb_baseline": 0.7331634118590641,
    "hgb_sample_weight": 0.7331634118590641
  }
}