{
  "accuracy": 0.8986175115207373,
  "balanced_accuracy": 0.9282890056803101,
  "macro_f1": 0.9200775322040833,
  "weighted_f1": 0.8993633338486128,
  "auc": 0.9944769708165178,
  "per_class_accuracy": {
    "0": 0.8846153846153846,
    "1": 0.75,
    "2": 1.0,
    "3": 1.0,
    "4": 0.9347826086956522,
    "5": 1.0,
    "6": 1.0,
    "7": 0.9,
    "8": 0.8690476190476191,
    "9": 0.9444444444444444
  },
  "sensitivity": {
    "0": 0.8846153846153846,
    "1": 0.75,
    "2": 1.0,
    "3": 1.0,
    "4": 0.9347826086956522,
    "5": 1.0,
    "6": 1.0,
    "7": 0.9,
    "8": 0.8690476190476191,
    "9": 0.9444444444444444
  },
  "specificity": {
    "0": 0.9947643979057592,
    "1": 0.9951219512195122,
    "2": 0.9904306220095693,
    "3": 1.0,
    "4": 0.9590643274853801,
    "5": 1.0,
    "6": 1.0,
    "7": 1.0,
    "8": 0.9624060150375939,
    "9": 0.9698492462311558
  },
  "best_val_accuracy": 0.9585253456221198
}