{
  "loss": [
    1.6949179691426894,
    0.87199990614507,
    0.5056703980691832,
    0.4199172542105972,
    0.4157874078772187,
    0.39030229468151456,
    0.2920995501101826,
    0.46393647277517014,
    0.2515264528639176,
    0.12766026232846722,
    0.16003028719403625,
    0.0931006940781261,
    0.0937252600268541,
    0.06838021086891312,
    0.10854943348811223,
    0.17460189456313982,
    0.18299737465125404,
    0.10945672259172973,
    0.09728274357871772,
    0.09974869438763118,
    0.10605775943843487,
    0.11561377500247093,
    0.07020585108295554,
    0.047494544176494374,
    0.04291755510199124,
    0.06492989429386493,
    0.03800719888139162,
    0.024194852303191006,
    0.029618815218026822,
    0.024624741979246766,
    0.017381461556343472,
    0.015405782297616024,
    0.013529362839676136,
    0.015654682418609636,
    0.01914957232195968
  ],
  "train_acc": [
    0.28054298642533937,
    0.5574660633484163,
    0.6723981900452489,
    0.755656108597285,
    0.7819004524886878,
    0.7927601809954751,
    0.8524886877828054,
    0.751131221719457,
    0.8407239819004525,
    0.9194570135746606,
    0.9122171945701357,
    0.9429864253393665,
    0.9420814479638009,
    0.9583710407239819,
    0.9330316742081448,
    0.8968325791855204,
    0.8923076923076924,
    0.930316742081448,
    0.9312217194570136,
    0.9565610859728507,
    0.9276018099547512,
    0.934841628959276,
    0.9556561085972851,
    0.967420814479638,
    0.9692307692307692,
    0.9755656108597285,
    0.9755656108597285,
    0.9819004524886877,
    0.9809954751131221,
    0.9846153846153847,
    0.9873303167420815,
    0.9918552036199095,
    0.9891402714932127,
    0.9864253393665159,
    0.9891402714932127
  ],
  "val_acc": [
    0.4608294930875576,
    0.6082949308755761,
    0.7511520737327189,
    0.7741935483870968,
    0.783410138248848,
    0.815668202764977,
    0.6912442396313364,
    0.7142857142857143,
    0.8525345622119815,
    0.8617511520737328,
    0.9078341013824884,
    0.9170506912442397,
    0.9262672811059908,
    0.9124423963133641,
    0.9170506912442397,
    0.8571428571428571,
    0.9124423963133641,
    0.8248847926267281,
    0.9447004608294931,
    0.9585253456221198,
    0.9170506912442397,
    0.9447004608294931,
    0.9262672811059908,
    0.9400921658986175,
    0.9539170506912442,
    0.9262672811059908,
    0.9539170506912442,
    0.9539170506912442,
    0.9354838709677419,
    0.9585253456221198,
    0.9493087557603687,
    0.9539170506912442,
    0.9585253456221198,
    0.9585253456221198,
    0.9539170506912442
  ],
  "lr": [
    0.0009997532801828658,
    0.0009990133642141358,
    0.00099778098230154,
    0.000996057350657239,
    0.0009938441702975688,
    0.0009911436253643444,
    0.0009879583809693736,
    0.0009842915805643154,
    0.0009801468428384714,
    0.0009755282581475767,
    0.0009704403844771127,
    0.0009648882429441257,
    0.0009588773128419905,
    0.0009524135262330098,
    0.0009455032620941839,
    0.0009381533400219318,
    0.0009303710135019719,
    0.0009221639627510076,
    0.000913540287137281,
    0.0009045084971874739,
    0.0008950775061878452,
    0.0008852566213878947,
    0.0008750555348152298,
    0.0008644843137107057,
    0.0008535533905932737,
    0.0008422735529643444,
    0.0008306559326618259,
    0.0008187119948743449,
    0.0008064535268264883,
    0.0007938926261462367,
    0.0007810416889260654,
    0.0007679133974894983,
    0.0007545207078751857,
    0.0007408768370508577,
    0.0007269952498697734
  ]
}