{
  "accuracy": 0.8709677419354839,
  "balanced_accuracy": 0.9279755268885704,
  "macro_f1": 0.897632291544974,
  "weighted_f1": 0.8714911632902496,
  "auc": 0.9859666578605483
}