{
  "loss": [
    0.0,
    0.0,
    0.0,
    0.0,
    0.0,
    0.0,
    0.0,
    0.0,
    0.0,
    0.0,
    0.0,
    0.0,
    0.0,
    0.0,
    0.0,
    0.0,
    0.0,
    0.0,
    0.0,
    0.0,
    0.0,
    0.0,
    0.0,
    0.0,
    0.0,
    0.0,
    0.0,
    0.0,
    0.0,
    0.0,
    0.0,
    0.0,
    0.0,
    0.0,
    0.0,
    0.0,
    0.0,
    0.0,
    0.0,
    0.0,
    0.0,
    0.0,
    0.0,
    0.0,
    0.0,
    0.0,
    0.0,
    0.0,
    0.0,
    0.0
  ],
  "train_acc": [
    0.63,
    0.6775,
    0.73125,
    0.743125,
    0.74,
    0.77125,
    0.7775,
    0.78625,
    0.78875,
    0.805625,
    0.818125,
    0.829375,
    0.815625,
    0.828125,
    0.8275,
    0.81875,
    0.839375,
    0.8275,
    0.848125,
    0.848125,
    0.853125,
    0.855,
    0.85875,
    0.858125,
    0.858125,
    0.859375,
    0.864375,
    0.86125,
    0.86,
    0.865625,
    0.87,
    0.869375,
    0.87125,
    0.871875,
    0.87125,
    0.866875,
    0.86625,
    0.869375,
    0.873125,
    0.865625,
    0.863125,
    0.861875,
    0.8675,
    0.869375,
    0.86875,
    0.866875,
    0.87,
    0.869375,
    0.865625,
    0.868125
  ],
  "val_acc": [
    0.63,
    0.6775,
    0.73125,
    0.743125,
    0.74,
    0.77125,
    0.7775,
    0.78625,
    0.78875,
    0.805625,
    0.818125,
    0.829375,
    0.815625,
    0.828125,
    0.8275,
    0.81875,
    0.839375,
    0.8275,
    0.848125,
    0.848125,
    0.853125,
    0.855,
    0.85875,
    0.858125,
    0.858125,
    0.859375,
    0.864375,
    0.86125,
    0.86,
    0.865625,
    0.87,
    0.869375,
    0.87125,
    0.871875,
    0.87125,
    0.866875,
    0.86625,
    0.869375,
    0.873125,
    0.865625,
    0.863125,
    0.861875,
    0.8675,
    0.869375,
    0.86875,
    0.866875,
    0.87,
    0.869375,
    0.865625,
    0.868125
  ],
  "lr": [
    0.0,
    0.0,
    0.0,
    0.0,
    0.0,
    0.0,
    0.0,
    0.0,
    0.0,
    0.0,
    0.0,
    0.0,
    0.0,
    0.0,
    0.0,
    0.0,
    0.0,
    0.0,
    0.0,
    0.0,
    0.0,
    0.0,
    0.0,
    0.0,
    0.0,
    0.0,
    0.0,
    0.0,
    0.0,
    0.0,
    0.0,
    0.0,
    0.0,
    0.0,
    0.0,
    0.0,
    0.0,
    0.0,
    0.0,
    0.0,
    0.0,
    0.0,
    0.0,
    0.0,
    0.0,
    0.0,
    0.0,
    0.0,
    0.0,
    0.0
  ],
  "test_acc": [
    0.63,
    0.6775,
    0.73125,
    0.743125,
    0.74,
    0.77125,
    0.7775,
    0.78625,
    0.78875,
    0.805625,
    0.818125,
    0.829375,
    0.815625,
    0.828125,
    0.8275,
    0.81875,
    0.839375,
    0.8275,
    0.848125,
    0.848125,
    0.853125,
    0.855,
    0.85875,
    0.858125,
    0.858125,
    0.859375,
    0.864375,
    0.86125,
    0.86,
    0.865625,
    0.87,
    0.869375,
    0.87125,
    0.871875,
    0.87125,
    0.866875,
    0.86625,
    0.869375,
    0.873125,
    0.865625,
    0.863125,
    0.861875,
    0.8675,
    0.869375,
    0.86875,
    0.866875,
    0.87,
    0.869375,
    0.865625,
    0.868125
  ]
}