{
  "method": "otm",
  "acc": 0.7332002661343978,
  "bal_acc": 0.4330476747872842,
  "auc": 0.728336118388845,
  "macro_f1": 0.4772564688881412,
  "weighted_f1": 0.7156061072586399,
  "time_seconds": 3480.5641152858734,
  "epochs": 50,
  "tm_clauses": 2000,
  "tm_T": 3000,
  "tm_s": 5.0,
  "tm_patch": 3,
  "tm_resolution": 8,
  "tm_img_size": 32,
  "tm_bits_per_pixel": 24,
  "report": "              precision    recall  f1-score   support\n\n       akiec     0.3824    0.2653    0.3133        49\n         bcc     0.6140    0.4545    0.5224        77\n         bkl     0.4409    0.4970    0.4672       165\n          df     0.5000    0.1111    0.1818        18\n         mel     0.3868    0.2455    0.3004       167\n          nv     0.8314    0.9124    0.8700      1005\n        vasc     0.9231    0.5455    0.6857        22\n\n    accuracy                         0.7332      1503\n   macro avg     0.5826    0.4330    0.4773      1503\nweighted avg     0.7107    0.7332    0.7156      1503\n",
  "params_count": 17536000,
  "clause_bank_elements": 288000,
  "weight_count": 2000,
  "model_size_mb": 1.107,
  "peak_gpu_mem_mb": 1438.0,
  "peak_cpu_mem_mb": 4204.6
}