{
  "loss": [
    0.0,
    0.0,
    0.0,
    0.0,
    0.0,
    0.0,
    0.0,
    0.0,
    0.0,
    0.0,
    0.0,
    0.0,
    0.0,
    0.0,
    0.0,
    0.0,
    0.0,
    0.0,
    0.0,
    0.0,
    0.0,
    0.0,
    0.0,
    0.0,
    0.0,
    0.0,
    0.0,
    0.0,
    0.0,
    0.0,
    0.0,
    0.0,
    0.0,
    0.0,
    0.0,
    0.0,
    0.0,
    0.0,
    0.0,
    0.0,
    0.0,
    0.0,
    0.0,
    0.0,
    0.0,
    0.0,
    0.0,
    0.0,
    0.0,
    0.0
  ],
  "train_acc": [
    0.6713240186294078,
    0.6952761144377911,
    0.7072521623419827,
    0.6939454424484365,
    0.7139055222887558,
    0.720558882235529,
    0.7112441783100466,
    0.7225548902195609,
    0.7305389221556886,
    0.7172322022621423,
    0.7305389221556886,
    0.7338656021290751,
    0.718562874251497,
    0.7318695941450433,
    0.7391882900864937,
    0.7305389221556886,
    0.7265469061876247,
    0.7338656021290751,
    0.729208250166334,
    0.7318695941450433,
    0.718562874251497,
    0.7318695941450433,
    0.7345309381237525,
    0.7411842980705257,
    0.737857618097139,
    0.7345309381237525,
    0.7438456420492349,
    0.7491683300066534,
    0.7391882900864937,
    0.739853626081171,
    0.7325349301397206,
    0.7252162341982701,
    0.737857618097139,
    0.7511643379906853,
    0.737857618097139,
    0.7418496340652029,
    0.7445109780439122,
    0.739853626081171,
    0.737857618097139,
    0.7345309381237525,
    0.7385229540918163,
    0.7365269461077845,
    0.739853626081171,
    0.7471723220226214,
    0.7325349301397206,
    0.7212242182302062,
    0.7411842980705257,
    0.7332002661343978,
    0.737857618097139,
    0.7332002661343978
  ],
  "val_acc": [
    0.6713240186294078,
    0.6952761144377911,
    0.7072521623419827,
    0.6939454424484365,
    0.7139055222887558,
    0.720558882235529,
    0.7112441783100466,
    0.7225548902195609,
    0.7305389221556886,
    0.7172322022621423,
    0.7305389221556886,
    0.7338656021290751,
    0.718562874251497,
    0.7318695941450433,
    0.7391882900864937,
    0.7305389221556886,
    0.7265469061876247,
    0.7338656021290751,
    0.729208250166334,
    0.7318695941450433,
    0.718562874251497,
    0.7318695941450433,
    0.7345309381237525,
    0.7411842980705257,
    0.737857618097139,
    0.7345309381237525,
    0.7438456420492349,
    0.7491683300066534,
    0.7391882900864937,
    0.739853626081171,
    0.7325349301397206,
    0.7252162341982701,
    0.737857618097139,
    0.7511643379906853,
    0.737857618097139,
    0.7418496340652029,
    0.7445109780439122,
    0.739853626081171,
    0.737857618097139,
    0.7345309381237525,
    0.7385229540918163,
    0.7365269461077845,
    0.739853626081171,
    0.7471723220226214,
    0.7325349301397206,
    0.7212242182302062,
    0.7411842980705257,
    0.7332002661343978,
    0.737857618097139,
    0.7332002661343978
  ],
  "lr": [
    0.0,
    0.0,
    0.0,
    0.0,
    0.0,
    0.0,
    0.0,
    0.0,
    0.0,
    0.0,
    0.0,
    0.0,
    0.0,
    0.0,
    0.0,
    0.0,
    0.0,
    0.0,
    0.0,
    0.0,
    0.0,
    0.0,
    0.0,
    0.0,
    0.0,
    0.0,
    0.0,
    0.0,
    0.0,
    0.0,
    0.0,
    0.0,
    0.0,
    0.0,
    0.0,
    0.0,
    0.0,
    0.0,
    0.0,
    0.0,
    0.0,
    0.0,
    0.0,
    0.0,
    0.0,
    0.0,
    0.0,
    0.0,
    0.0,
    0.0
  ],
  "test_acc": [
    0.6713240186294078,
    0.6952761144377911,
    0.7072521623419827,
    0.6939454424484365,
    0.7139055222887558,
    0.720558882235529,
    0.7112441783100466,
    0.7225548902195609,
    0.7305389221556886,
    0.7172322022621423,
    0.7305389221556886,
    0.7338656021290751,
    0.718562874251497,
    0.7318695941450433,
    0.7391882900864937,
    0.7305389221556886,
    0.7265469061876247,
    0.7338656021290751,
    0.729208250166334,
    0.7318695941450433,
    0.718562874251497,
    0.7318695941450433,
    0.7345309381237525,
    0.7411842980705257,
    0.737857618097139,
    0.7345309381237525,
    0.7438456420492349,
    0.7491683300066534,
    0.7391882900864937,
    0.739853626081171,
    0.7325349301397206,
    0.7252162341982701,
    0.737857618097139,
    0.7511643379906853,
    0.737857618097139,
    0.7418496340652029,
    0.7445109780439122,
    0.739853626081171,
    0.737857618097139,
    0.7345309381237525,
    0.7385229540918163,
    0.7365269461077845,
    0.739853626081171,
    0.7471723220226214,
    0.7325349301397206,
    0.7212242182302062,
    0.7411842980705257,
    0.7332002661343978,
    0.737857618097139,
    0.7332002661343978
  ]
}