{
  "version": 2,
  "method": "hgb_sample_weight",
  "test_accuracy": 0.75,
  "test_balanced_accuracy": 0.6985479797979798,
  "test_auc": 0.8986195154969957,
  "per_class_test": {
    "benign": 0.8484848484848485,
    "malignant": 0.65625,
    "normal": 0.5909090909090909
  },
  "all_methods": {
    "hgb_baseline": {
      "acc": 0.75,
      "bal_acc": 0.6938131313131314,
      "auc": 0.9010138707559342
    },
    "hgb_sample_weight": {
      "acc": 0.75,
      "bal_acc": 0.6985479797979798,
      "auc": 0.8986195154969957
    }
  },
  "all_per_class": {
    "hgb_baseline": {
      "benign": 0.8484848484848485,
      "malignant": 0.6875,
      "normal": 0.5454545454545454
    },
    "hgb_sample_weight": {
      "benign": 0.8484848484848485,
      "malignant": 0.65625,
      "normal": 0.5909090909090909
    }
  },
  "cv_accs": {
    "hgb_baseline": 0.7666666666666668,
    "hgb_sample_weight": 0.7666666666666668
  },
  "cv_bal_accs": {
    "hgb_baseline": 0.7123474519126692,
    "hgb_sample_weight": 0.7123474519126692
  }
}