{
  "accuracy": 0.9400921658986175,
  "balanced_accuracy": 0.9391589690502734,
  "macro_f1": 0.9380624218066673,
  "weighted_f1": 0.9399145621102792,
  "auc": 0.996826155984377,
  "per_class_accuracy": {
    "0": 0.9230769230769231,
    "1": 0.75,
    "2": 1.0,
    "3": 1.0,
    "4": 0.9347826086956522,
    "5": 0.875,
    "6": 1.0,
    "7": 1.0,
    "8": 0.9642857142857143,
    "9": 0.9444444444444444
  },
  "sensitivity": {
    "0": 0.9230769230769231,
    "1": 0.75,
    "2": 1.0,
    "3": 1.0,
    "4": 0.9347826086956522,
    "5": 0.875,
    "6": 1.0,
    "7": 1.0,
    "8": 0.9642857142857143,
    "9": 0.9444444444444444
  },
  "specificity": {
    "0": 1.0,
    "1": 1.0,
    "2": 0.9904306220095693,
    "3": 1.0,
    "4": 0.9824561403508771,
    "5": 1.0,
    "6": 1.0,
    "7": 0.9903381642512077,
    "8": 0.9624060150375939,
    "9": 0.9949748743718593
  },
  "best_val_accuracy": 0.9585253456221198
}