{
  "loss": [
    1.9767719980818115,
    1.6096772300711584,
    1.2301468322719384,
    1.198115095455722,
    0.937107054410477,
    0.8611818876741159,
    0.6495112165606399,
    0.6842387981544253,
    0.5596903012888463,
    0.5463363526633422,
    0.39541191132359915,
    0.33352671280435847,
    0.33540533398071565,
    0.2741010036403777,
    0.21073323178075556,
    0.24969892480254713,
    0.35197954191341657,
    0.42187268404939055,
    0.3240436992224525,
    0.16404696230974672,
    0.11732220520261186,
    0.10295869277882899,
    0.10185779784195025,
    0.08038597271453202,
    0.06855007203051408,
    0.06460870655413667,
    0.04868642356735549,
    0.052936667230873626,
    0.05683792674096461,
    0.042672926010521826,
    0.0347348672889881,
    0.021959849327330676,
    0.025845791274740685,
    0.030316825425125895,
    0.06676334781209807,
    0.055689531383504964,
    0.08979405876737914,
    0.06357426468738064,
    0.03165165282431905,
    0.025694863762858226,
    0.019474751225828583,
    0.027613739440074333,
    0.02594378035614579,
    0.014587260492786563,
    0.01784910736921585,
    0.02631614609195838,
    0.01685079084330015,
    0.016704165639052363,
    0.01790132629790457,
    0.008949725545639366,
    0.013981116944881855,
    0.018800924153686647,
    0.013453823867426738,
    0.02865322422725043,
    0.03034620436700693,
    0.032612656651073185,
    0.026887353231532,
    0.02319296927810794,
    0.021444921495869115,
    0.016574335689508942,
    0.013489282893952471,
    0.010105943831518225,
    0.011500028252593195,
    0.009103121579839633,
    0.00944180471413849
  ],
  "train_acc": [
    0.26244343891402716,
    0.31402714932126696,
    0.41266968325791853,
    0.40090497737556563,
    0.4968325791855204,
    0.5502262443438914,
    0.6199095022624435,
    0.6416289592760182,
    0.6714932126696832,
    0.6895927601809955,
    0.7674208144796381,
    0.7981900452488688,
    0.8063348416289593,
    0.8190045248868778,
    0.8479638009049774,
    0.8678733031674208,
    0.7873303167420814,
    0.8018099547511313,
    0.8135746606334842,
    0.8823529411764706,
    0.9140271493212669,
    0.9438914027149321,
    0.930316742081448,
    0.9420814479638009,
    0.9502262443438914,
    0.9583710407239819,
    0.9737556561085973,
    0.9592760180995475,
    0.9656108597285068,
    0.9737556561085973,
    0.9764705882352941,
    0.983710407239819,
    0.9809954751131221,
    0.971945701357466,
    0.9583710407239819,
    0.9692307692307692,
    0.9529411764705882,
    0.9583710407239819,
    0.9809954751131221,
    0.9864253393665159,
    0.9900452488687783,
    0.983710407239819,
    0.9873303167420815,
    0.9891402714932127,
    0.9873303167420815,
    0.9873303167420815,
    0.9882352941176471,
    0.9900452488687783,
    0.9846153846153847,
    0.9936651583710407,
    0.9882352941176471,
    0.9882352941176471,
    0.9855203619909503,
    0.9828054298642533,
    0.9809954751131221,
    0.9800904977375565,
    0.9800904977375565,
    0.9882352941176471,
    0.9846153846153847,
    0.9873303167420815,
    0.9927601809954751,
    0.9882352941176471,
    0.9927601809954751,
    0.9945701357466064,
    0.9909502262443439
  ],
  "val_acc": [
    0.2857142857142857,
    0.17972350230414746,
    0.30414746543778803,
    0.3640552995391705,
    0.4009216589861751,
    0.3225806451612903,
    0.42857142857142855,
    0.4700460829493088,
    0.423963133640553,
    0.6129032258064516,
    0.5898617511520737,
    0.7142857142857143,
    0.6728110599078341,
    0.6175115207373272,
    0.847926267281106,
    0.6036866359447005,
    0.6774193548387096,
    0.631336405529954,
    0.7373271889400922,
    0.7741935483870968,
    0.8110599078341014,
    0.7741935483870968,
    0.8709677419354839,
    0.8617511520737328,
    0.8617511520737328,
    0.880184331797235,
    0.8433179723502304,
    0.9170506912442397,
    0.8894009216589862,
    0.9078341013824884,
    0.9216589861751152,
    0.9354838709677419,
    0.9170506912442397,
    0.9078341013824884,
    0.8663594470046083,
    0.9262672811059908,
    0.9032258064516129,
    0.880184331797235,
    0.8894009216589862,
    0.9308755760368663,
    0.9170506912442397,
    0.9170506912442397,
    0.9400921658986175,
    0.9400921658986175,
    0.9308755760368663,
    0.9354838709677419,
    0.9078341013824884,
    0.9493087557603687,
    0.9539170506912442,
    0.9585253456221198,
    0.9354838709677419,
    0.9354838709677419,
    0.9447004608294931,
    0.8018433179723502,
    0.9262672811059908,
    0.8571428571428571,
    0.9400921658986175,
    0.9170506912442397,
    0.9400921658986175,
    0.9354838709677419,
    0.9447004608294931,
    0.9493087557603687,
    0.9585253456221198,
    0.9539170506912442,
    0.9585253456221198
  ],
  "lr": [
    0.0009997532801828658,
    0.0009990133642141358,
    0.00099778098230154,
    0.000996057350657239,
    0.0009938441702975688,
    0.0009911436253643444,
    0.0009879583809693736,
    0.0009842915805643154,
    0.0009801468428384714,
    0.0009755282581475767,
    0.0009704403844771127,
    0.0009648882429441257,
    0.0009588773128419905,
    0.0009524135262330098,
    0.0009455032620941839,
    0.0009381533400219318,
    0.0009303710135019719,
    0.0009221639627510076,
    0.000913540287137281,
    0.0009045084971874739,
    0.0008950775061878452,
    0.0008852566213878947,
    0.0008750555348152298,
    0.0008644843137107057,
    0.0008535533905932737,
    0.0008422735529643444,
    0.0008306559326618259,
    0.0008187119948743449,
    0.0008064535268264883,
    0.0007938926261462367,
    0.0007810416889260654,
    0.0007679133974894983,
    0.0007545207078751857,
    0.0007408768370508577,
    0.0007269952498697734,
    0.0007128896457825364,
    0.0006985739453173903,
    0.0006840622763423391,
    0.0006693689601226458,
    0.0006545084971874737,
    0.0006394955530196147,
    0.0006243449435824273,
    0.0006090716206982714,
    0.0005936906572928625,
    0.0005782172325201156,
    0.0005626666167821523,
    0.0005470541566592572,
    0.0005313952597646569,
    0.0005157053795390643,
    0.0005000000000000002,
    0.00048429462046093607,
    0.0004686047402353435,
    0.000452945843340743,
    0.00043733338321784806,
    0.0004217827674798847,
    0.00040630934270713783,
    0.000390928379301729,
    0.0003756550564175727,
    0.00036050444698038553,
    0.00034549150281252655,
    0.0003306310398773544,
    0.00031593772365766127,
    0.0003014260546826097,
    0.0002871103542174637,
    0.0002730047501302267
  ]
}