{
  "accuracy": 0.9308755760368663,
  "balanced_accuracy": 0.8914147688060732,
  "macro_f1": 0.905220108967737,
  "weighted_f1": 0.9300695388541558,
  "auc": 0.9932610113982312,
  "per_class_accuracy": {
    "0": 1.0,
    "1": 0.75,
    "2": 1.0,
    "3": 1.0,
    "4": 0.9347826086956522,
    "5": 1.0,
    "6": 0.5,
    "7": 0.9,
    "8": 0.9404761904761905,
    "9": 0.8888888888888888
  },
  "sensitivity": {
    "0": 1.0,
    "1": 0.75,
    "2": 1.0,
    "3": 1.0,
    "4": 0.9347826086956522,
    "5": 1.0,
    "6": 0.5,
    "7": 0.9,
    "8": 0.9404761904761905,
    "9": 0.8888888888888888
  },
  "specificity": {
    "0": 1.0,
    "1": 1.0,
    "2": 0.9952153110047847,
    "3": 1.0,
    "4": 0.9766081871345029,
    "5": 1.0,
    "6": 1.0,
    "7": 0.9903381642512077,
    "8": 0.9624060150375939,
    "9": 0.9849246231155779
  },
  "best_val_accuracy": 0.9539170506912442,
  "model_variant": "vit_b_16"
}