{
  "version": 2,
  "method": "hgb_sample_weight",
  "test_accuracy": 0.7916666666666666,
  "test_balanced_accuracy": 0.7405303030303031,
  "test_auc": 0.9084977706009453,
  "per_class_test": {
    "benign": 0.8636363636363636,
    "malignant": 0.8125,
    "normal": 0.5454545454545454
  },
  "all_methods": {
    "hgb_baseline": {
      "acc": 0.775,
      "bal_acc": 0.7095959595959597,
      "auc": 0.9046701066790352
    },
    "hgb_sample_weight": {
      "acc": 0.7916666666666666,
      "bal_acc": 0.7405303030303031,
      "auc": 0.9084977706009453
    }
  },
  "all_per_class": {
    "hgb_baseline": {
      "benign": 0.8787878787878788,
      "malignant": 0.75,
      "normal": 0.5
    },
    "hgb_sample_weight": {
      "benign": 0.8636363636363636,
      "malignant": 0.8125,
      "normal": 0.5454545454545454
    }
  },
  "cv_accs": {
    "hgb_baseline": 0.7742424242424242,
    "hgb_sample_weight": 0.7742424242424242
  },
  "cv_bal_accs": {
    "hgb_baseline": 0.7251712989104293,
    "hgb_sample_weight": 0.7251712989104293
  }
}