{
  "accuracy": 0.9539170506912442,
  "balanced_accuracy": 0.9586624727929076,
  "macro_f1": 0.9580696108230526,
  "weighted_f1": 0.9535925099850052,
  "auc": 0.9965517370857038,
  "per_class_accuracy": {
    "0": 0.9615384615384616,
    "1": 0.75,
    "2": 1.0,
    "3": 1.0,
    "4": 0.9782608695652174,
    "5": 1.0,
    "6": 1.0,
    "7": 1.0,
    "8": 0.9523809523809523,
    "9": 0.9444444444444444
  },
  "sensitivity": {
    "0": 0.9615384615384616,
    "1": 0.75,
    "2": 1.0,
    "3": 1.0,
    "4": 0.9782608695652174,
    "5": 1.0,
    "6": 1.0,
    "7": 1.0,
    "8": 0.9523809523809523,
    "9": 0.9444444444444444
  },
  "specificity": {
    "0": 1.0,
    "1": 1.0,
    "2": 0.9904306220095693,
    "3": 1.0,
    "4": 0.9824561403508771,
    "5": 1.0,
    "6": 1.0,
    "7": 1.0,
    "8": 0.9699248120300752,
    "9": 0.9949748743718593
  },
  "best_val_accuracy": 0.9631336405529954
}