{
  "loss": [
    1.9773213802959044,
    1.723775075787333,
    1.3452846529257243,
    1.2001309776737679,
    0.931494632781361,
    0.9042457895581,
    0.6866193280500524,
    0.5237010480052205,
    0.48884068894709937,
    0.4580277272479027,
    0.4414663207477034,
    0.48380616363896506,
    0.35682008412089283,
    0.2435658934159516,
    0.30275292803798864,
    0.23278864508840294,
    0.4293797690404486,
    0.4132189385222094,
    0.23694797659891223,
    0.1784873845890097,
    0.18966342042878742,
    0.09384034000910245,
    0.06057741204403105,
    0.05174829970657556,
    0.07615153381086852,
    0.1303970400294567,
    0.15095038308816797,
    0.062488059763590134,
    0.057272108559964466,
    0.04476779119629935,
    0.027740165019803996,
    0.028978307312565153,
    0.03169699582309205,
    0.03924565394809343,
    0.05201373768135973,
    0.055562264280081874,
    0.05194384650542186,
    0.05257294581891185,
    0.025295071000427143,
    0.02336282413537146,
    0.02266470287922281,
    0.022559426805822017,
    0.012312770572520488,
    0.014585809429846198,
    0.020912041706433394,
    0.026799611282867813,
    0.019125715660024013,
    0.018576585321067686,
    0.014667837729685987,
    0.011817504567140502,
    0.010001647366606947,
    0.00893697106190936,
    0.007649305535320243,
    0.015481232216253001,
    0.010731208806528765,
    0.013724366013314658,
    0.019909932595842023,
    0.011858651658933086,
    0.015129066685138784,
    0.011963123657342417,
    0.009792930159582946,
    0.008597284043839883,
    0.009830013133282035,
    0.0077557370572338274,
    0.007948441979605958,
    0.00867783539081456,
    0.011879525200265768,
    0.005683604098553032,
    0.005859444791986291,
    0.011311676043925419
  ],
  "train_acc": [
    0.22805429864253393,
    0.29321266968325793,
    0.34570135746606334,
    0.4072398190045249,
    0.502262443438914,
    0.5294117647058824,
    0.6009049773755656,
    0.6886877828054299,
    0.7176470588235294,
    0.7104072398190046,
    0.7447963800904978,
    0.7104072398190046,
    0.7574660633484163,
    0.8416289592760181,
    0.8072398190045249,
    0.8561085972850678,
    0.788235294117647,
    0.7628959276018099,
    0.848868778280543,
    0.885972850678733,
    0.8895927601809954,
    0.9221719457013575,
    0.96289592760181,
    0.9728506787330317,
    0.9583710407239819,
    0.9312217194570136,
    0.9122171945701357,
    0.9520361990950226,
    0.9583710407239819,
    0.9665158371040724,
    0.9764705882352941,
    0.983710407239819,
    0.9773755656108597,
    0.9692307692307692,
    0.9701357466063348,
    0.9592760180995475,
    0.967420814479638,
    0.967420814479638,
    0.9828054298642533,
    0.983710407239819,
    0.9800904977375565,
    0.9828054298642533,
    0.9900452488687783,
    0.9891402714932127,
    0.9846153846153847,
    0.9891402714932127,
    0.9855203619909503,
    0.9873303167420815,
    0.9909502262443439,
    0.9918552036199095,
    0.9873303167420815,
    0.9918552036199095,
    0.9936651583710407,
    0.9873303167420815,
    0.9882352941176471,
    0.9891402714932127,
    0.9855203619909503,
    0.9828054298642533,
    0.9900452488687783,
    0.9882352941176471,
    0.9891402714932127,
    0.9891402714932127,
    0.9909502262443439,
    0.9936651583710407,
    0.9918552036199095,
    0.9909502262443439,
    0.9909502262443439,
    0.995475113122172,
    0.995475113122172,
    0.9891402714932127
  ],
  "val_acc": [
    0.3456221198156682,
    0.22580645161290322,
    0.2764976958525346,
    0.31797235023041476,
    0.3548387096774194,
    0.4838709677419355,
    0.5806451612903226,
    0.5622119815668203,
    0.5622119815668203,
    0.5806451612903226,
    0.6221198156682027,
    0.7004608294930875,
    0.5806451612903226,
    0.783410138248848,
    0.7373271889400922,
    0.7419354838709677,
    0.5299539170506913,
    0.6866359447004609,
    0.8018433179723502,
    0.8248847926267281,
    0.815668202764977,
    0.8986175115207373,
    0.9170506912442397,
    0.9216589861751152,
    0.8894009216589862,
    0.728110599078341,
    0.8709677419354839,
    0.9124423963133641,
    0.8986175115207373,
    0.9400921658986175,
    0.9493087557603687,
    0.9493087557603687,
    0.9400921658986175,
    0.9216589861751152,
    0.9354838709677419,
    0.9400921658986175,
    0.8894009216589862,
    0.9308755760368663,
    0.9447004608294931,
    0.9354838709677419,
    0.9354838709677419,
    0.9447004608294931,
    0.9539170506912442,
    0.9447004608294931,
    0.9400921658986175,
    0.9493087557603687,
    0.9400921658986175,
    0.9400921658986175,
    0.9493087557603687,
    0.9539170506912442,
    0.9539170506912442,
    0.9493087557603687,
    0.9539170506912442,
    0.9585253456221198,
    0.9631336405529954,
    0.9539170506912442,
    0.9539170506912442,
    0.9585253456221198,
    0.9493087557603687,
    0.9539170506912442,
    0.9493087557603687,
    0.9493087557603687,
    0.9539170506912442,
    0.9539170506912442,
    0.9447004608294931,
    0.9447004608294931,
    0.9447004608294931,
    0.9493087557603687,
    0.9493087557603687,
    0.9539170506912442
  ],
  "lr": [
    0.0009997532801828658,
    0.0009990133642141358,
    0.00099778098230154,
    0.000996057350657239,
    0.0009938441702975688,
    0.0009911436253643444,
    0.0009879583809693736,
    0.0009842915805643154,
    0.0009801468428384714,
    0.0009755282581475767,
    0.0009704403844771127,
    0.0009648882429441257,
    0.0009588773128419905,
    0.0009524135262330098,
    0.0009455032620941839,
    0.0009381533400219318,
    0.0009303710135019719,
    0.0009221639627510076,
    0.000913540287137281,
    0.0009045084971874739,
    0.0008950775061878452,
    0.0008852566213878947,
    0.0008750555348152298,
    0.0008644843137107057,
    0.0008535533905932737,
    0.0008422735529643444,
    0.0008306559326618259,
    0.0008187119948743449,
    0.0008064535268264883,
    0.0007938926261462367,
    0.0007810416889260654,
    0.0007679133974894983,
    0.0007545207078751857,
    0.0007408768370508577,
    0.0007269952498697734,
    0.0007128896457825364,
    0.0006985739453173903,
    0.0006840622763423391,
    0.0006693689601226458,
    0.0006545084971874737,
    0.0006394955530196147,
    0.0006243449435824273,
    0.0006090716206982714,
    0.0005936906572928625,
    0.0005782172325201156,
    0.0005626666167821523,
    0.0005470541566592572,
    0.0005313952597646569,
    0.0005157053795390643,
    0.0005000000000000002,
    0.00048429462046093607,
    0.0004686047402353435,
    0.000452945843340743,
    0.00043733338321784806,
    0.0004217827674798847,
    0.00040630934270713783,
    0.000390928379301729,
    0.0003756550564175727,
    0.00036050444698038553,
    0.00034549150281252655,
    0.0003306310398773544,
    0.00031593772365766127,
    0.0003014260546826097,
    0.0002871103542174637,
    0.0002730047501302267,
    0.00025912316294914234,
    0.0002454792921248144,
    0.00023208660251050164,
    0.00021895831107393473,
    0.00020610737385376356
  ]
}