{
  "version": 2,
  "method": "hgb_baseline",
  "test_accuracy": 0.91625,
  "test_balanced_accuracy": 0.91625,
  "test_auc": 0.9753161458333334,
  "per_class_test": {
    "glioma": 0.7275,
    "meningioma": 0.95,
    "pituitary": 0.9875,
    "notumor": 1.0
  },
  "all_methods": {
    "hgb_baseline": {
      "acc": 0.91625,
      "bal_acc": 0.91625,
      "auc": 0.9753161458333334
    },
    "hgb_sample_weight": {
      "acc": 0.91625,
      "bal_acc": 0.91625,
      "auc": 0.9753161458333334
    }
  },
  "all_per_class": {
    "hgb_baseline": {
      "glioma": 0.7275,
      "meningioma": 0.95,
      "pituitary": 0.9875,
      "notumor": 1.0
    },
    "hgb_sample_weight": {
      "glioma": 0.7275,
      "meningioma": 0.95,
      "pituitary": 0.9875,
      "notumor": 1.0
    }
  },
  "cv_accs": {
    "hgb_baseline": 0.9473214285714286,
    "hgb_sample_weight": 0.9473214285714286
  },
  "cv_bal_accs": {
    "hgb_baseline": 0.9473214285714286,
    "hgb_sample_weight": 0.9473214285714286
  }
}