{
  "ctm": {
    "accuracy": 0.5852534562211982,
    "balanced_accuracy": 0.3201293995859213,
    "macro_f1": 0.3713275379591169,
    "weighted_f1": 0.5371084231477149,
    "auc": 0.6282107459159317,
    "tm_clauses": 2000,
    "tm_T": 5000,
    "tm_s": 10.0,
    "tm_patch": 10,
    "tm_epochs": 50,
    "tm_img_size": 64,
    "params_count": 13312000,
    "clause_bank_elements": 0,
    "weight_count": 2000,
    "model_size_mb": 8.012089729309082,
    "peak_gpu_mem_mb": 0.0,
    "peak_cpu_mem_mb": 1351.0,
    "group": "Tsetlin Machine baseline",
    "method": "ctm",
    "elapsed_seconds": 560
  },
  "otm": {
    "accuracy": 0.6267281105990783,
    "balanced_accuracy": 0.5162352019960716,
    "macro_f1": 0.5771996568382781,
    "weighted_f1": 0.5998346852813661,
    "auc": 0.12910151315034507,
    "tm_clauses": 2000,
    "tm_T": 3000,
    "tm_s": 5.0,
    "tm_patch": 3,
    "tm_epochs": 50,
    "tm_resolution": 8,
    "tm_img_size": 32,
    "tm_bits_per_pixel": 24,
    "params_count": 17536000,
    "clause_bank_elements": 288000,
    "weight_count": 2000,
    "model_size_mb": 1.107,
    "peak_gpu_mem_mb": 942.0,
    "peak_cpu_mem_mb": 1798.9,
    "group": "Tsetlin Machine baseline",
    "method": "otm",
    "elapsed_seconds": 3509
  }
}