{
  "method": "CBM",
  "acc": 0.9486666666666667,
  "bal_acc": 0.9486666666666667,
  "auc": 0.9897635185185184,
  "per_class": {
    "normal": 0.9707,
    "pneumonia": 0.9453,
    "covid": 0.93
  },
  "time_seconds": 271.872385263443,
  "epochs": 20
}