{
  "method": "densenet121",
  "acc": 0.8083333333333333,
  "bal_acc": 0.7809343434343434,
  "auc": 0.9441430437214168,
  "per_class": {
    "benign": 0.8485,
    "malignant": 0.8125,
    "normal": 0.6818
  },
  "time_seconds": 64.88024711608887,
  "epochs": 30
}