{
  "method": "rulefit",
  "acc": 0.7175555555555555,
  "bal_acc": 0.7175555555555556,
  "auc": 0.8737756296296296,
  "per_class": {
    "normal": 0.9067,
    "pneumonia": 0.8553,
    "covid": 0.3907
  },
  "time_seconds": 18.342602491378784,
  "epochs": 20
}