{
  "version": 2,
  "method": "hgb_sample_weight",
  "test_accuracy": 0.7833333333333333,
  "test_balanced_accuracy": 0.7550505050505051,
  "test_auc": 0.8995986950476037,
  "per_class_test": {
    "benign": 0.8333333333333334,
    "malignant": 0.75,
    "normal": 0.6818181818181818
  },
  "all_methods": {
    "hgb_baseline": {
      "acc": 0.775,
      "bal_acc": 0.7244318181818182,
      "auc": 0.8977889486322027
    },
    "hgb_sample_weight": {
      "acc": 0.7833333333333333,
      "bal_acc": 0.7550505050505051,
      "auc": 0.8995986950476037
    }
  },
  "all_per_class": {
    "hgb_baseline": {
      "benign": 0.8636363636363636,
      "malignant": 0.71875,
      "normal": 0.5909090909090909
    },
    "hgb_sample_weight": {
      "benign": 0.8333333333333334,
      "malignant": 0.75,
      "normal": 0.6818181818181818
    }
  },
  "cv_accs": {
    "hgb_baseline": 0.8,
    "hgb_sample_weight": 0.8
  },
  "cv_bal_accs": {
    "hgb_baseline": 0.7542867995041908,
    "hgb_sample_weight": 0.7542867995041908
  }
}