{
  "accuracy": 0.9124423963133641,
  "balanced_accuracy": 0.8630112279025323,
  "macro_f1": 0.8864371047065813,
  "weighted_f1": 0.9116973734729009,
  "auc": 0.9890265625203132,
  "per_class_accuracy": {
    "0": 0.8846153846153846,
    "1": 0.75,
    "2": 1.0,
    "3": 1.0,
    "4": 0.9347826086956522,
    "5": 0.875,
    "6": 0.5,
    "7": 0.9,
    "8": 0.9523809523809523,
    "9": 0.8333333333333334
  },
  "sensitivity": {
    "0": 0.8846153846153846,
    "1": 0.75,
    "2": 1.0,
    "3": 1.0,
    "4": 0.9347826086956522,
    "5": 0.875,
    "6": 0.5,
    "7": 0.9,
    "8": 0.9523809523809523,
    "9": 0.8333333333333334
  },
  "specificity": {
    "0": 1.0,
    "1": 0.9902439024390244,
    "2": 0.9904306220095693,
    "3": 1.0,
    "4": 0.9766081871345029,
    "5": 1.0,
    "6": 1.0,
    "7": 1.0,
    "8": 0.9323308270676691,
    "9": 0.9899497487437185
  },
  "best_val_accuracy": 0.9493087557603687,
  "concept_accuracy": {
    "cortical_break": 0.7465437788018433,
    "fracture_line_horizontal": 0.9032258064516129,
    "fracture_line_oblique_45": 0.9262672811059908,
    "fracture_line_oblique_135": 0.880184331797235,
    "fracture_line_vertical": 0.9953917050691244,
    "displacement": 0.7373271889400922,
    "bone_fragment": 0.9078341013824884,
    "soft_tissue_swelling": 0.9539170506912442
  }
}