{
  "method": "resnet50",
  "acc": 0.8749168330006654,
  "bal_acc": 0.8145900358023781,
  "auc": 0.9649587767874744,
  "time_seconds": 3031.3701934814453,
  "epochs": 50,
  "report": "              precision    recall  f1-score   support\n\n       akiec     0.7500    0.7959    0.7723        49\n         bcc     0.8800    0.8571    0.8684        77\n         bkl     0.8333    0.7576    0.7937       165\n          df     0.8824    0.8333    0.8571        18\n         mel     0.6645    0.6048    0.6332       167\n          nv     0.9160    0.9443    0.9299      1005\n        vasc     0.9524    0.9091    0.9302        22\n\n    accuracy                         0.8749      1503\n   macro avg     0.8398    0.8146    0.8264      1503\nweighted avg     0.8719    0.8749    0.8728      1503\n"
}