{
  "loss": [
    0.0,
    0.0,
    0.0,
    0.0,
    0.0,
    0.0,
    0.0,
    0.0,
    0.0,
    0.0,
    0.0,
    0.0,
    0.0,
    0.0,
    0.0,
    0.0,
    0.0,
    0.0,
    0.0,
    0.0
  ],
  "train_acc": [
    0.6042222222222222,
    0.6637777777777778,
    0.6597777777777778,
    0.7362222222222222,
    0.7397777777777778,
    0.72,
    0.7286666666666667,
    0.698,
    0.7464444444444445,
    0.7697777777777778,
    0.7837777777777778,
    0.7835555555555556,
    0.7617777777777778,
    0.7775555555555556,
    0.7537777777777778,
    0.7713333333333333,
    0.7215555555555555,
    0.7706666666666667,
    0.7251111111111112,
    0.7268888888888889
  ],
  "val_acc": [
    0.6042222222222222,
    0.6637777777777778,
    0.6597777777777778,
    0.7362222222222222,
    0.7397777777777778,
    0.72,
    0.7286666666666667,
    0.698,
    0.7464444444444445,
    0.7697777777777778,
    0.7837777777777778,
    0.7835555555555556,
    0.7617777777777778,
    0.7775555555555556,
    0.7537777777777778,
    0.7713333333333333,
    0.7215555555555555,
    0.7706666666666667,
    0.7251111111111112,
    0.7268888888888889
  ],
  "lr": [
    0.0,
    0.0,
    0.0,
    0.0,
    0.0,
    0.0,
    0.0,
    0.0,
    0.0,
    0.0,
    0.0,
    0.0,
    0.0,
    0.0,
    0.0,
    0.0,
    0.0,
    0.0,
    0.0,
    0.0
  ],
  "test_acc": [
    0.6042222222222222,
    0.6637777777777778,
    0.6597777777777778,
    0.7362222222222222,
    0.7397777777777778,
    0.72,
    0.7286666666666667,
    0.698,
    0.7464444444444445,
    0.7697777777777778,
    0.7837777777777778,
    0.7835555555555556,
    0.7617777777777778,
    0.7775555555555556,
    0.7537777777777778,
    0.7713333333333333,
    0.7215555555555555,
    0.7706666666666667,
    0.7251111111111112,
    0.7268888888888889
  ]
}