{
  "method": "CBM",
  "acc": 0.8416666666666667,
  "bal_acc": 0.8617424242424243,
  "auc": 0.9297368586183069,
  "per_class": {
    "benign": 0.8182,
    "malignant": 0.8125,
    "normal": 0.9545
  },
  "time_seconds": 63.31411075592041,
  "epochs": 30
}