{
  "method": "otm",
  "acc": 0.8,
  "bal_acc": 0.7200126262626263,
  "auc": 0.8264554857436802,
  "macro_f1": 0.7423067565797271,
  "weighted_f1": 0.7917106978659164,
  "time_seconds": 2675.958197593689,
  "epochs": 50,
  "tm_clauses": 2000,
  "tm_T": 3000,
  "tm_s": 5.0,
  "tm_patch": 3,
  "tm_resolution": 8,
  "tm_img_size": 32,
  "tm_bits_per_pixel": 24,
  "report": "              precision    recall  f1-score   support\n\n      benign     0.7922    0.9242    0.8531        66\n   malignant     0.9259    0.7812    0.8475        32\n      normal     0.6250    0.4545    0.5263        22\n\n    accuracy                         0.8000       120\n   macro avg     0.7810    0.7200    0.7423       120\nweighted avg     0.7972    0.8000    0.7917       120\n",
  "params_count": 17536000,
  "clause_bank_elements": 288000,
  "weight_count": 2000,
  "model_size_mb": 1.107,
  "peak_gpu_mem_mb": 830.0,
  "peak_cpu_mem_mb": 1107.5
}