{
  "loss": [
    0.0,
    0.0,
    0.0,
    0.0,
    0.0,
    0.0,
    0.0,
    0.0,
    0.0,
    0.0,
    0.0,
    0.0,
    0.0,
    0.0,
    0.0,
    0.0,
    0.0,
    0.0,
    0.0,
    0.0,
    0.0,
    0.0,
    0.0,
    0.0,
    0.0,
    0.0,
    0.0,
    0.0,
    0.0,
    0.0,
    0.0,
    0.0,
    0.0,
    0.0,
    0.0,
    0.0,
    0.0,
    0.0,
    0.0,
    0.0,
    0.0,
    0.0,
    0.0,
    0.0,
    0.0,
    0.0,
    0.0,
    0.0,
    0.0,
    0.0
  ],
  "train_acc": [
    0.55,
    0.5916666666666667,
    0.625,
    0.6083333333333333,
    0.6416666666666667,
    0.6833333333333333,
    0.675,
    0.6333333333333333,
    0.6583333333333333,
    0.6333333333333333,
    0.6833333333333333,
    0.65,
    0.7583333333333333,
    0.7416666666666667,
    0.775,
    0.7333333333333333,
    0.6416666666666667,
    0.725,
    0.675,
    0.7583333333333333,
    0.7583333333333333,
    0.75,
    0.8,
    0.7333333333333333,
    0.8166666666666667,
    0.7333333333333333,
    0.7166666666666667,
    0.7916666666666666,
    0.7083333333333334,
    0.7916666666666666,
    0.7833333333333333,
    0.7666666666666667,
    0.7666666666666667,
    0.7583333333333333,
    0.825,
    0.7666666666666667,
    0.8083333333333333,
    0.7833333333333333,
    0.825,
    0.7833333333333333,
    0.7333333333333333,
    0.775,
    0.7666666666666667,
    0.725,
    0.75,
    0.7833333333333333,
    0.8166666666666667,
    0.7666666666666667,
    0.8166666666666667,
    0.8
  ],
  "val_acc": [
    0.55,
    0.5916666666666667,
    0.625,
    0.6083333333333333,
    0.6416666666666667,
    0.6833333333333333,
    0.675,
    0.6333333333333333,
    0.6583333333333333,
    0.6333333333333333,
    0.6833333333333333,
    0.65,
    0.7583333333333333,
    0.7416666666666667,
    0.775,
    0.7333333333333333,
    0.6416666666666667,
    0.725,
    0.675,
    0.7583333333333333,
    0.7583333333333333,
    0.75,
    0.8,
    0.7333333333333333,
    0.8166666666666667,
    0.7333333333333333,
    0.7166666666666667,
    0.7916666666666666,
    0.7083333333333334,
    0.7916666666666666,
    0.7833333333333333,
    0.7666666666666667,
    0.7666666666666667,
    0.7583333333333333,
    0.825,
    0.7666666666666667,
    0.8083333333333333,
    0.7833333333333333,
    0.825,
    0.7833333333333333,
    0.7333333333333333,
    0.775,
    0.7666666666666667,
    0.725,
    0.75,
    0.7833333333333333,
    0.8166666666666667,
    0.7666666666666667,
    0.8166666666666667,
    0.8
  ],
  "lr": [
    0.0,
    0.0,
    0.0,
    0.0,
    0.0,
    0.0,
    0.0,
    0.0,
    0.0,
    0.0,
    0.0,
    0.0,
    0.0,
    0.0,
    0.0,
    0.0,
    0.0,
    0.0,
    0.0,
    0.0,
    0.0,
    0.0,
    0.0,
    0.0,
    0.0,
    0.0,
    0.0,
    0.0,
    0.0,
    0.0,
    0.0,
    0.0,
    0.0,
    0.0,
    0.0,
    0.0,
    0.0,
    0.0,
    0.0,
    0.0,
    0.0,
    0.0,
    0.0,
    0.0,
    0.0,
    0.0,
    0.0,
    0.0,
    0.0,
    0.0
  ],
  "test_acc": [
    0.55,
    0.5916666666666667,
    0.625,
    0.6083333333333333,
    0.6416666666666667,
    0.6833333333333333,
    0.675,
    0.6333333333333333,
    0.6583333333333333,
    0.6333333333333333,
    0.6833333333333333,
    0.65,
    0.7583333333333333,
    0.7416666666666667,
    0.775,
    0.7333333333333333,
    0.6416666666666667,
    0.725,
    0.675,
    0.7583333333333333,
    0.7583333333333333,
    0.75,
    0.8,
    0.7333333333333333,
    0.8166666666666667,
    0.7333333333333333,
    0.7166666666666667,
    0.7916666666666666,
    0.7083333333333334,
    0.7916666666666666,
    0.7833333333333333,
    0.7666666666666667,
    0.7666666666666667,
    0.7583333333333333,
    0.825,
    0.7666666666666667,
    0.8083333333333333,
    0.7833333333333333,
    0.825,
    0.7833333333333333,
    0.7333333333333333,
    0.775,
    0.7666666666666667,
    0.725,
    0.75,
    0.7833333333333333,
    0.8166666666666667,
    0.7666666666666667,
    0.8166666666666667,
    0.8
  ]
}