{
  "method": "resnet50",
  "acc": 0.9373333333333334,
  "bal_acc": 0.9373333333333335,
  "auc": 0.990481962962963,
  "per_class": {
    "normal": 0.9527,
    "pneumonia": 0.962,
    "covid": 0.8973
  },
  "time_seconds": 392.4064338207245,
  "epochs": 20
}