{
  "version": 2,
  "method": "hgb_sample_weight",
  "test_accuracy": 0.7583333333333333,
  "test_balanced_accuracy": 0.7143308080808081,
  "test_auc": 0.8760107631015369,
  "per_class_test": {
    "benign": 0.8333333333333334,
    "malignant": 0.71875,
    "normal": 0.5909090909090909
  },
  "all_methods": {
    "hgb_baseline": {
      "acc": 0.7583333333333333,
      "bal_acc": 0.6988636363636364,
      "auc": 0.8823013176931829
    },
    "hgb_sample_weight": {
      "acc": 0.7583333333333333,
      "bal_acc": 0.7143308080808081,
      "auc": 0.8760107631015369
    }
  },
  "all_per_class": {
    "hgb_baseline": {
      "benign": 0.8636363636363636,
      "malignant": 0.6875,
      "normal": 0.5454545454545454
    },
    "hgb_sample_weight": {
      "benign": 0.8333333333333334,
      "malignant": 0.71875,
      "normal": 0.5909090909090909
    }
  },
  "cv_accs": {
    "hgb_baseline": 0.7757575757575758,
    "hgb_sample_weight": 0.7757575757575758
  },
  "cv_bal_accs": {
    "hgb_baseline": 0.718201139592444,
    "hgb_sample_weight": 0.718201139592444
  }
}