{
  "version": 2,
  "method": "hgb_sample_weight",
  "test_accuracy": 0.7583333333333333,
  "test_balanced_accuracy": 0.6833964646464646,
  "test_auc": 0.9046097728513404,
  "per_class_test": {
    "benign": 0.8939393939393939,
    "malignant": 0.65625,
    "normal": 0.5
  },
  "all_methods": {
    "hgb_baseline": {
      "acc": 0.7583333333333333,
      "bal_acc": 0.6726641414141414,
      "auc": 0.8979747517693947
    },
    "hgb_sample_weight": {
      "acc": 0.7583333333333333,
      "bal_acc": 0.6833964646464646,
      "auc": 0.9046097728513404
    }
  },
  "all_per_class": {
    "hgb_baseline": {
      "benign": 0.9242424242424242,
      "malignant": 0.59375,
      "normal": 0.5
    },
    "hgb_sample_weight": {
      "benign": 0.8939393939393939,
      "malignant": 0.65625,
      "normal": 0.5
    }
  },
  "cv_accs": {
    "hgb_baseline": 0.7848484848484848,
    "hgb_sample_weight": 0.7848484848484848
  },
  "cv_bal_accs": {
    "hgb_baseline": 0.7270592286244459,
    "hgb_sample_weight": 0.7270592286244459
  }
}