{
  "version": 2,
  "method": "hgb_sample_weight",
  "test_accuracy": 0.7833333333333333,
  "test_balanced_accuracy": 0.7200126262626263,
  "test_auc": 0.900642741664567,
  "per_class_test": {
    "benign": 0.8787878787878788,
    "malignant": 0.78125,
    "normal": 0.5
  },
  "all_methods": {
    "hgb_baseline": {
      "acc": 0.75,
      "bal_acc": 0.6789772727272728,
      "auc": 0.8960996611046216
    },
    "hgb_sample_weight": {
      "acc": 0.7833333333333333,
      "bal_acc": 0.7200126262626263,
      "auc": 0.900642741664567
    }
  },
  "all_per_class": {
    "hgb_baseline": {
      "benign": 0.8636363636363636,
      "malignant": 0.71875,
      "normal": 0.45454545454545453
    },
    "hgb_sample_weight": {
      "benign": 0.8787878787878788,
      "malignant": 0.78125,
      "normal": 0.5
    }
  },
  "cv_accs": {
    "hgb_baseline": 0.7742424242424242,
    "hgb_sample_weight": 0.7742424242424242
  },
  "cv_bal_accs": {
    "hgb_baseline": 0.725177258568563,
    "hgb_sample_weight": 0.725177258568563
  }
}